3C LEGAL SERVICES LIMITED,HO,29 Sandpit LaneAL1 4EW,07595 895 527
A N P SOLICITORS LIMITED,HO,290 Kiln RoadSS7 1QT,01702 556 688
A S CROXSON,HO,216 Sheen LaneSW14 8LB,0208 998 3097
A.SEELHOFF SOLICITORS,HO,1 Lyric SquareW6 0NB,020 3178 4337
AARON & PARTNERS LLP,HO,Grosvenor CourtCH1 1HG,01244 405555
ABRAHAMSON & ASSOCIATES(INC FRANCIS & SOLOMONS),HO,10a North End RoadNW11 7PH,020 8458 1100
ACCULEGAL SOLICITORS,HO,61 Grand ParadeN4 1AF,0208 802 7775
ACR SOLICITORS LLP,HO,Suite 53E1 6EX,0207 456 1353
ACTONS,HO,20 Regent StreetNG1 5BQ,0115 9100 200
ADDLESHAW GODDARD LLP,HO,Milton GateEC1Y 4AG,020 7606 8855
ADDLESHAW GODDARD LLP,BRN,100 Barbirolli SquareM2 3AB,0161 934 6000
ADDLESHAW GODDARD LLP,BRN,Sovereign HouseLS1 1HQ,0113 209 2000
ADDLESHAW GODDARD LLP,BRN,40 Lime StreetEC3M 7AW,0207 606 8855
ADLEX SOLICITORS,HO,76a Belsize LaneNW3 5BJ,020 7317 8404
ADRIAN FORSTER LIMITED,HO,c/o ActonsNG1 5BQ,0115 9100 200
ALAN LOWE & CO,HO,Eaton MewsHP7 0DD,01494 787 598
ALDERSON DODDS,HO,4-8 Stanley StreetNE24 2BU,01670 352293
ALFRED PLACE  LIMITED,HO,50 BroadwaySW1H 0BL,020 7227 7000
ALLEN & OVERY LLP,HO,One Bishops SquareE1 6AD,0203 088 0000
ALLEN & OVERY LLP,BRN,40 Bank StreetE14 5DU,020 3088 0000
ALLENS,HO,15 Landport TerracePO1 2QS,023 9282 2411
ALSTERS KELLEY,HO,Hamilton HouseCV32 4LY,0844 561 0100
ALSTERS KELLEY,BRN,3 Dugdale StreetCV11 5QJ,0844 561 0100
ALSTERS KELLEY,BRN,1 Manor TerraceCV1 2NU,0844 561 0100
ALTMORE BUSINESS LAW,HO,30A High Street EastLE15 9PZ,0845 094 9000
AMANDA DOYLE LAW SERVICES LIMITED,HO,12 Knole ParkBS32 4BS,
ANDERSON & COMPANY,HO,76 Wallingford RoadOX10 7EU,01865 858 878
ANDREW HOLLAND LAW LIMITED,HO,Suite 1 The BakeryBD20 6RB,01535 658274
ANDREW SUTTON LIMITED,HO,Pearl Assurance HouseNG1 6BX,0115 947 6651
ANSONS LLP,HO,St. Marys ChambersWS13 6LQ,01543 263456
ANSONS LLP,BRN,Commerce HouseWS11 7FJ,01543 466660
ANTHONY COLLINS SOLICITORS LLP,HO,134 Edmund StreetB3 2ES,0121 200 3242
ANTHONY GOLD SOLICITORS INCORPORATING WALLACE & CO,HO,53 Tooley StreetSE1 2QN,020 7940 4000
ANTINGHAMS SOLICITORS,HO,HollywellSL6 3PH,01628 825 395
ARCHERS LAW LIMITED LIABILITY PARTNERSHIP,HO,Lakeside HouseTS18 3NB,01642 636500
ARMSTRONG JAMES LLP,HO,39 Castle StreetRG1 7SL,0118 957 0548
ARNOLD & PORTER (UK) LLP,HO,International Financial CentreEC2N 1HQ,020 7786 6100
ARUAN CONSULTING LIMITED,HO,51 Montpelier WalkSW7 1JH,0207 225 2696
ASB ASPIRE LIMITED LIABILITY PARTNERSHIP,HO,Westbrook HouseME14 5DZ,01622 356 000
ASB ASPIRE LIMITED LIABILITY PARTNERSHIP,BRN,Innovis HouseRH10 1AS,01293 603603
ASB LAW,HO,Innovis HouseRH10 1AS,01293 603603
ASB LAW,BRN,Horizon HouseME14 3EN,01622 656500
ASB LAW,BRN,18 London RoadRH12 1AY,01403 246800
ASB LAW,BRN,95 Queens RoadBN1 3XE,01273 828000
ASB LAW,BRN,44-46 Old SteineBN1 1NH,01273 229900
ASHFORDS LLP,HO,Ashford HouseEX1 3LH,01392 337 000
ASHFORDS LLP,BRN,Gotham HouseEX16 6LT,01884 203000
ASHFORDS LLP,BRN,Blackbrook Park AvenueTA1 2PX,01823 284 444
ASHFORDS LLP,BRN,Princess CourtPL1 2EX,01752 521500
ASHFORDS LLP,BRN,Bull WharfBS1 6QR,0117 321 8000
ASHFORDS LLP,BRN,1 Northumberland AvenueWC2N 5BW,0208 938 6323
ASHTON BOND GIGG,HO,Pearl Assurance HouseNG1 6BX,0115 947 6651
ASHTON GRAHAM,HO,Waterfront HouseIP4 1AS,01473 232425
ASHURST LLP,HO,Broadwalk HouseEC2A 2HA,020 7638 1111
ASLAN CHARLES KOUSETTA LLP,HO,Welbeck HouseW1T 3PY,020 3326 2280
ASPELL & CO LIMITED,HO,29 Milverton CrescentCV32 5NJ,01926 337 613
ASTLE PATERSON LIMITED,HO,181 Horninglow StreetDE14 1NJ,01283 531366
ATKINS THOMSON,HO,41 Maiden LaneWC2E 7LJ,020 7836 9300
ATKINS WILSON & BELL LLP,HO,3-5 Jenner RoadGU1 3AQ,01483 302345
ATTEYS,HO,82 Cleveland StreetDN1 3DR,01302 340400
ATTEYS,BRN,18-20 Ship HillS60 2HG,01709 372266
ATTEYS,BRN,22 Hartley StreetS64 9LX,01709 584014
ATTEYS,BRN,44 Duke StreetDN1 3EA,01302 340400
ATTEYS,BRN,31 Regent StreetS70 2HJ,01226 212345
ATTEYS,BRN,9 High StreetS63 7QQ,01709 872106
ATTEYS,BRN,The Red Brick HouseS1 4EL,0114 276 6767
ATTEYS,BRN,Richmonds HouseDN4 5JH,01302 762 900
ATTEYS,BRN,19 ChurchgateDN22 6PF,01777 713355
AZRIGHTS SOLICITORS,HO,81 Essex RoadN1 2SF,020 7700 1414
B J MACFARLANE & CO,HO,4 Lombard StreetEC3V 9HD,0207 190 2988
B M NYMAN & CO,HO,181 Creighton AvenueN2 9BN,020 8365 3060
B P COLLINS,HO,Collins HouseSL9 8EL,01753 889995
B P COLLINS TRUST CORPORATION LIMITED,HO,Collins HouseSL9 8EL,01753 889995
BACKHOUSE JONES LIMITED,HO,The PrintworksBB7 9WD,01254 828300
BAINES WILSON LLP,HO,2 Merchants DriveCA3 0JW,01228 552600
BAKER & MCKENZIE LLP,HO,100 New Bridge StreetEC4V 6JA,020 7919 1000
BAKERS SOLICITORS,HO,89 High Street WestSK13 8BB,01457 859 123
BANCE COMMERICAL LAW,HO,7 The FairwaysRH1 6LP,1737226034
BANNER JONES LIMITED,HO,24 GlumangateS40 1UA,01246 560 560
BANNER JONES LIMITED,BRN,3rd FloorS1 2GY,01142 755 266
BANNER JONES LIMITED,BRN,Marsden ChambersS40 1JY,01246 209 773
BANNER JONES LIMITED,BRN,1 Sheffield RoadS18 2DH,01246 414 438
BANNER JONES LIMITED,BRN,4 Cotton StreetS44 6HA,01246 827 516
BANNER JONES LIMITED,BRN,95 High StreetS45 9DZ,01246 861 250
BARGATE MURRAY,HO,5th FloorEC2A 3NF,+44 (0) 20 7375 1393
BARLOW LYDE & GILBERT LLP,HO,Beaufort HouseEC3A 7NJ,020 7247 2277
BARLOW LYDE & GILBERT LLP,BRN,4420 Nash CourtOX4 2RU,01865 336600
BARLOW LYDE & GILBERT LLP,BRN,Chancery PlaceM2 2JT,0161 829 6400
BARLOW ROBBINS LLP,HO,The OrielGU1 3SR,01483 562901
BARLOW ROBBINS LLP,BRN,55-56 Quarry StreetGU1 3UE,1483543200
BARLOW ROBBINS LLP,BRN,30 Church StreetGU7 1EP,01483 417121
BARLOW ROBBINS LLP,BRN,Concord HouseGU21 6HJ,01483 748500
BARNETT ALEXANDER CONWAY INGRAM LLP,HO,Sovereign HouseN3 1QB,0208 349 7680
BARRATT LEGAL,HO,NorthwoodBR7 5PY,0208 305 9794
BATCHELOR MYDDELTON,HO,Brosnan HouseEN6 1BW,01707 647 088
BATES WELLS & BRAITHWAITE LONDON LLP,HO,2-6 Cannon StreetEC4M 6YH,020 7551 7777
BATTENS SOLICITORS LIMITED,HO,Mansion HouseBA20 1EP,01935 846000
BATTENS SOLICITORS LIMITED,BRN,26 St. Thomas StreetDT4 8EJ,01305 774666
BATTENS SOLICITORS LIMITED,BRN,The Bank HouseDT9 3BU,01935 814811
BATTENS SOLICITORS LIMITED,BRN,42 High West StreetDT1 1UU,01305 250560
BEACHCROFT LLP,HO,100 Fetter LaneEC4A 1BN,0207 242 1011
BEACHCROFT LLP,BRN,Portwall PlaceBS1 6Na,0117 918 2000
BEALE AND COMPANY SOLICITORS LLP,HO,Garrick HouseWC2E 8JB,020 7240 3474
BELLS,HO,11 South StreetGU9 7QX,01252 733733
BERG LEGAL,HO,35 Peter StreetM2 5BG,0161 833 9211
BERMANS LLP,HO,Lancaster HouseL2 2QP,0151 224 0500
BERMANS LLP,BRN,Cardinal HouseM3 2LY,0161 827 4600
BERRY SMITH LLP,BRN,1 Northumberland AvenueWC2N 5BW,0845 6038337
BERRYMAN SHACKLOCK LLP,HO,Park HouseNG1 6DN,0845 310 7200
BERRYMANS LACE MAWER LLP,HO,Kings HouseM3 2NU,0161 236 2002
BERWIN LEIGHTON PAISNER LLP,HO,Adelaide HouseEC4R 9HA,0207 760 1000
BERWIN LEIGHTON PAISNER LLP,BRN,St Magnus HouseEC3R 6HA,0207 760 1000
BERWINS SOLICITORS LIMITED,HO,2 North Park RoadHG1 5PA,01423 509 000
BEVAN BRITTAN LLP,HO,Kings OrchardBS2 0HQ,0870 194 1000
BEVAN BRITTAN LLP,BRN,Fleet Place HouseEC4M 7RF,0870 194 1000
BEVAN BRITTAN LLP,BRN,Interchange PlaceB3 2TA,0870 194 5000
BEVAN KIDWELL,HO,113-117 Farringdon RoadEC1R 3BX,020 7843 1820
BINDMANS LLP,HO,275 Gray's Inn RoadWC1X 8QB,0207 833 4433
BIRCHAM & CO NOMINEES LIMITED,HO,50 BroadwaySW1H 0BL,020 7227 7000
BIRCHAM DYSON BELL LLP,HO,50 BroadwaySW1H 0BL,020 7227 7000
BIRCHLEY TITMUS COMMERCIAL SOLICITORS,HO,Charlecombe LodgeSL5 9QT,020 7408 9427
BIRCHLEY TITMUS COMMERCIAL SOLICITORS,BRN,16 Hanover SquareW1S 1HT,020 7408 9427
BIRD & BIRD LLP,HO,15 Fetter LaneEC4A 1JP,0207 415 6000
BIRKETTS LLP,HO,24-26 Museum StreetIP1 1HZ,01473 232300
BIRKETTS LLP,BRN,KINGFISHER HOUSENR3 1UB,01603 756400
BIRKETTS LLP,BRN,Daedalus HouseCB1 2RE,01223 326600
BISHOP & SEWELL LLP,HO,46 Bedford SquareWC1B 3DP,020 7631 4141
BLACKBOURN & BOND LIMITED,HO,12 BelmontSY1 1TE,01743 233255
BLACKETT HART & PRATT LLP,HO,Westgate HouseDL3 0PZ,01325 466794
BLAKE LAPTHORN,HO,Harbour CourtPO6 4ST,023 9222 1122
BLAKE LAPTHORN,BRN,New Kings CourtSO53 3LG,023 809 08090
BLAKE LAPTHORN,BRN,Seacourt TowerOX2 0FB,01865 248607
BLAKE LAPTHORN,BRN,Watchmaker Court WestEC1M 4DB,020 7405 2000
BLAKELEY SOLICITORS,HO,2 Sowden GrangeBD13 3TH,01274 831 141
BLANDY & BLANDY LLP,HO,1 Friar StreetRG1 1DA,0118 951 6800
BLASER MILLS,HO,Park HouseHP11 1BZ,01494 450171
BLASER MILLS,BRN,33 Red Lion StreetHP5 1DN,01494 782291
BLASER MILLS,BRN,52 High StreetWD3 1AJ,01923 776211
BLASER MILLS,BRN,1 Cambridge StreetHP20 1RP,01296 434416
BLASER MILLS,BRN,12 College RoadHA1 1JF,020 8427 6262
BLASER MILLS INCORPORATING FANCY & JACKSON,BRN,19 High StreetTW18 4QY,01784 462511
BLUE SKY LAW LIMITED,HO,Pall Mall CourtM2 4PD,0161 618 1032
BOBBETTS MACKAN,HO,17 Berkeley SquareBS8 1HB,0117 929 9001
BOLITHO WAY,HO,13-18 Kings TerracePO5 3AL,023 9288 2001
BOLITHO WAY,BRN,13 Union StreetPO33 2DU,01983 817060
BOLT BURDON,HO,Providence HouseN1 0NT,020 7288 4700
BONALLACK & BISHOP,HO,Rougemont HouseSP1 1LY,01722 422300
BOND PEARCE LLP,HO,3 Temple Back EastBS1 6DZ,0845 415 0000
BOND PEARCE LLP,BRN,Ballard HousePL1 3AE,0845 415 0000
BOND PEARCE LLP,BRN,Darwin HouseEX1 1LA,0845 415 0000
BOND PEARCE LLP,BRN,Oceana HouseSO15 1GA,0845 415 0000
BOND PEARCE LLP,BRN,8th FloorEC3R 7LP,0845 415 0000
BORNEOS LLP,HO,77-97 Harpur StreetMK40 2SY,01234 353 221
BOTSOFF,HO,1 Heath StreetNW3 6TP,0207581 0665
BOYES TURNER,HO,Abbots HouseRG1 3BD,0118 959 7711
BPE SOLICITORS LLP,HO,St. James' HouseGL50 3PR,01242 224433
BPL SOLICITORS LIMITED,HO,Mey HouseDT1 3QY,0844 2252061
BRABNERS CHAFFE STREET LLP,HO,Horton HouseL2 3YL,0151 600 3000
BRABNERS CHAFFE STREET LLP,BRN,55 King StreetM2 4LQ,0161 836 8800
BRABNERS CHAFFE STREET LLP,BRN,7-8 Chapel StreetPR1 8AN,01772 823921
BRACHER RAWLINS LLP,HO,Fox CourtWC1X 8HN,020 7404 9400
BRACHERS  LLP,BRN,81 London RoadME16 0DU,01622 690091
BRACHERS LLP,HO,Somerfield HouseME16 8JH,01622 690691
BRADLEY AND JEFFERIES SOLICITORS LIMITED,HO,58 Friar GateDE1 1DF,01332 221722
BRANDSWORTH,HO,28 Gillespie RoadN5 1LN,07919 575 020
BRETHERTONS LLP,HO,16 Church StreetCV21 3PW,01788 579579
BRETHERTONS LLP,BRN,26 Regent StreetCV21 2PS,01788 551611
BRETHERTONS LLP,BRN,The Robbins BuildingCV21 2SD,01788 579579
BRETHERTONS LLP,BRN,Strathmore HouseOX16 4QD,01295 270999
BRIAN DREWITT,HO,1 Levens RoadSK7 5DL,0845 260 0855
BRIFFA,HO,Business Design CentreN1 0QH,020 7288 6003
BRIGHTLAW LIMITED,HO,4 Longlands SpinneyBN14 9NU,03456 522 201
BRISTOWS,HO,100 Victoria EmbankmentEC4Y 0DH,020 7400 8000
BRM SOLICITORS,HO,Gray CourtS40 1LD,01246 555111
BROOKE NORTH LLP,HO,Crown HouseLS1 3BR,0113 297 9000
BROOKE NORTH LLP,BRN,Heron PlaceW1U 3QG,0870 120 8336
BROWNE JACOBSON LLP,HO,44 Castle GateNG1 7BJ,0115 976 6000
BROWNE JACOBSON LLP,BRN,Victoria Square HouseB2 4BU,0121 237 3900
BROWNE JACOBSON LLP,BRN,77 Gracechurch StreetEC3V 0AS,020 7337 1000
BROWNE JACOBSON TRUSTEES LIMITED,HO,44 Castle GateNG1 7BJ,0115 976 6000
BRUNSWICK COMPANY SECRETARIES LTD,HO,Harbour CourtPO6 4ST,02392 221 122
BRYAN CAVE,HO,88 Wood StreetEC2V 7AJ,0203 207 1100
BUCKLES SOLICITORS LLP,HO,Grant HousePE1 1NG,01733 888888
BUCKLES SOLICITORS LLP,BRN,3 St. Marys HillPE9 2DW,01780 484570
BUDE NATHAN IWANIER,HO,1 Temple Fortune ParadeNW11 0QN,020 8458 5656
BURGES SALMON LLP,HO,Narrow Quay HouseBS1 4AH,0117 939 2000
BURNETT,HO,80 Broom ParkTW11 9RR,0208 977 2442
BURROUGHS DAY,HO,14 Charlotte StreetBS1 5PT,0117 929 0333
BURROUGHS DAY,BRN,Combe HouseBS20 6BJ,01275 843213
BURSTALLS,HO,PO Box 31HU1 1JF,01482 621800
BUSINESS LAWYERS LIMITED,HO,Kingswick HouseSL5 7BH,01344 292302
BUSINESS LAWYERS LTD,BRN,DTE HouseBL9 8AT,
BUSS MURTON LAW LLP,HO,Wellington GateTN1 1HT,01892 510 222
BUSS MURTON LAW LLP,BRN,31 High StreetTN17 3EE,01580 712215
BUSS MURTON LAW LLP,BRN,Crown HouseDA1 1DZ,01322 220235
C J JONES SOLICITORS,HO,9 Mallow StreetEC1Y 8RQ,0207 253 7419
CALVERT SOLICITORS,HO,77 Weston StreetSE1 3RS,020 7234 0707
CAMERONS SOLICITORS LLP,HO,70 Wimpole StreetW1G 8AX,020 7866 6010
CANDEY LLP,HO,8 Stone BuildingsWC2A 3TA,020 3370 8888
CANNINGS CONNOLLY,HO,Hillgate HouseEC4M 7HQ,020 7329 9000
CAPSTICK DALE & PARTNERS,HO,224 Main RoadRM2 5HA,01708 722466
CAPSTICKS SOLICITORS LLP,HO,77-83 Upper Richmond RoadSW15 2TT,0208 780 2211
CAPSTICKS SOLICITORS LLP,BRN,35 Newhall StreetB3 3PU,
CAROLINE MILLER & CO,HO,Unit 4RH5 5LS,01306 627 160
CARR AND KAYE SOLICITORS,HO,No. 3NW3 6AJ,0333 900 0770
CARR AND KAYE SOLICITORS,BRN,30a The AvenueAL6 0PP,0845 241 5136
CASEY LEGAL,HO,12 EarlswoodPE2 5UG,01733 233301
CBY SOLICITORS,HO,Paddock CottageEX5 2ES,01404 822452
CFK LEGAL LIMITED,HO,32 Hope StreetL1 9BX,0151 708 6222
CFK LEGAL LIMITED,BRN,32 Hope StreetL1 9BX,0151 708 6222
CGA TRUSTEE AND EXECUTOR COMPANY LIMITED,HO,25 BancroftSG5 1JW,01462 454438
CH REGISTRARS LTD,HO,29-35 Old Queen StreetSW1H 9JD,2072229070
CHADWICK LAWRENCE LLP,HO,13 Railway StreetHD1 1JS,01484 519999
CHADWICK LAWRENCE LLP,BRN,23a Bull Close LaneHX1 2EF,01422 330601
CHADWICK LAWRENCE LLP,BRN,29/31 Commercial StreetLS27 8HX,0113 252 3452
CHADWICK LAWRENCE LLP,BRN,2A Red Hall CrescentWF1 2DF,01924 379 078
CHADWICK LAWRENCE LLP,BRN,First FloorLS28 7RG,
CHAPLIN & CO,HO,The FirsHA7 4JL,020 8954 8202
CHARLES COOK & COMPANY LIMITED,HO,Broad Quay HouseBS1 4DJ,01275 399929
CHARLES LUCAS & MARSHALL,HO,Radnor HouseRG14 5EU,01635 521212
CHARLES RUSSELL LLP,HO,5 Fleet PlaceEC4M 7RD,
CHARLES RUSSELL LLP,BRN,Bury Fields HouseGU2 4AZ,01483 252525
CHARLES RUSSELL LLP,BRN,Compass HouseGL50 2QJ,01242 221122
CHARLES RUSSELL LLP,BRN,Building 7600OX4 2JZ,0845 3590090
CHARLES RUSSELL LLP,BRN,Clarendon HouseCB2 8FH,01223 465465
CHARLES RUSSELL LLP,BRN,Kingsbury HouseSW1Y 6QU,020 7203 5000
CHATHAM CHAMBERS,HO,136 Chatham StreetRG1 7HT,0118 958 5855
CHATTERTONS,BRN,Chatterton HouseLN6 3JY,01522 814600
CHEBSEY LAW LIMITED,HO,51 London EndHP9 2HW,01494 670 440
CHEBSEY LAW LIMITED,BRN,10-12 High StreetSL1 7JH,01628 660 077
CHEBSEY LAW LIMITED,BRN,165 New RoadWD3 3HB,01923 775 651
CHRISTOPHER GIGG LIMITED,HO,Pearl Assurance HouseNG1 6BX,0115 947 6651
CHRISTOPHER J L RYAN,HO,Maggots End FarmCM23 1BJ,01279 815970
CHRISTOPHER MURRATT LIMITED,HO,c/o ActonsNG1 5BQ,0115 9100 200
CIPIT SOLICITORS,HO,127 Hampstead HouseNW3 6BT,020 8457 7457
CLAIRE BELL LIMITED,HO,c/o ActonsNG1 5BQ,0115 9100 200
CLARION SOLICITORS LLP,HO,Britannia ChambersLS1 3AX,0113 246 0622
CLARK HOLT,HO,Hardwick HouseSN1 3LJ,01793 617444
CLARKE WILLMOTT LLP,BRN,1 Georges SquareBS1 6BA,0845 209 1000
CLARKE WILLMOTT LLP,BRN,Burlington HouseSO30 2AF,0845 209 1000
CLARKS NOMINEES LIMITED,HO,One Forbury SquareRG1 3EB,0118 958 5321
CLARKSLEGAL LLP,HO,One Forbury SquareRG1 3EB,0118 958 5321
CLARKSLEGAL LLP,BRN,12-13 Henrietta StreetWC2E 8LH,0207 539 8000
CLARKSON WRIGHT & JAKES LLP,HO,Valiant HouseBR6 0PG,01689 887887
CLAYDENLAW LIMITED,HO,Prama HouseOX2 7HT,01865 339640
CLEARY GOTTLIEB STEEN & HAMILTON LLP,HO,City Place HouseEC2V 5EH,020 7614 2200
CLEGGS SOLICITORS,HO,Apex CourtNG11 7DD,0115 9775877
CLIFFORD CHANCE LLP,HO,10 Upper Bank StreetE14 5JJ,020 7006 1000
CLIFFORD CHANCE LLP,BRN,4 Coleman StreetEC2R 5JJ,020 7006 1000
CLIFFORD MILLER,HO,Burnhill Business CentreBR3 3LA,020 8 663 0044
CLIFTON INGRAM LLP,HO,22-24 Broad StreetRG40 1BA,0118 978 0099
CLIFTON INGRAM LLP,BRN,County HouseRG1 1DB,0118 957 3425
CLINTONS,HO,55 Drury LaneWC2B 5RZ,020 7379 6080
CLUTTERBUCK NOMINEES LIMITED,HO,c/o Shakespeare PutsmanB2 5DJ,0121 237 3000
CLYDE & CO INDIA LIMITED,HO,51 EastcheapEC3M 1JP,0207 623 1244
CLYDE & CO LLP,BRN,1 Stoke RoadGU1 4HW,01483 555555
CMS CAMERON MCKENNA LLP,HO,Mitre HouseEC1A 4DD,+44 (0)20 7367 3000
CO-OPERATIVE GROUP LEGAL SERVICES,HO,New Century HouseM60 4ES,0161 827 5296
COBBETTS LEE CROWDER NOMINEES LIMITED,HO,58 Mosley StreetM2 3HZ,8454042404
COBBETTS LEE CROWDER NOMINEES LIMITED,BRN,1 Whitehall RiversideLS1 4BN,0845 4042404
COBBETTS LEE CROWDER NOMINEES LIMITED,BRN,70 Gray's Inn RoadWC1X 8BT,0845 404 2404
COBBETTS LLP,HO,58 Mosley StreetM2 3HZ,0845 404 2404
COBBETTS LLP,BRN,1 Whitehall RiversideLS1 4BN,0845 4042404
COBBETTS LLP,BRN,One Colmore SquareB4 6AJ,0845 4042404
COBBETTS LLP,BRN,70 Gray's Inn RoadWC1X 8BT,0845 404 2404
COFFEY GRAHAM LLP,HO,1-6 Yarmouth PlaceW1J 7BU,020 3145 1170
COFFIN MEW LLP,HO,Fareham PointPO16 7AU,01329 825617
COFFIN MEW LLP,BRN,Kings Park HouseSO15 2UF,023 8033 4661
COFFIN MEW LLP,BRN,Bay HousePO6 4RS,023 9238 8021
COFFIN MEW LLP,BRN,60 Stoke RoadPO12 1PA,023 9252 3111
COLDHAM SHIELD & MACE,HO,123-127 Station RoadE4 6AG,020 8524 6323
COLEY & TILLEY,HO,Neville HouseB2 5UF,0121 643 5531
COLLINS BENSON GOLDHILL LLP,HO,26-28 Great Portland StreetW1W 8QT,020 7436 5151
COLLYER BRISTOW LLP,HO,4 Bedford RowWC1R 4DF,020 7242 7363
COMPLETE - THE LEGAL SHOP,BRN,5-6 Northumberland BuildingsBA1 2JE,
COMPLETE - THE LEGAL SHOP,BRN,1 Northumberland BuildingsBA1 2JB,01225 425731
CONYBEARE SOLICITORS,HO,Clearwater HouseW1U 3AE,0870 7530925
COPLEY CLARK & BENNETT,HO,36 Grove RoadSM1 1BS,020 8643 7221
COPLEY CLARK & BENNETT,BRN,Pathtrace HouseSM7 2NL,01737 362131
CORPORATE LEGAL,HO,Wight StonesPO33 1PQ,0845 458 9448
COUCHMANS LLP,HO,20-22 Bedford RowWC1R 4EB,020 7611 9660
COUSINS BUSINESS LAW,HO,PO Box 11543B13 0ZL,0121 778 3212
COVINGTON & BURLING LLP,HO,265 StrandWC2R 1BH,020 7067 2000
CRANELAW NOMINEES,HO,4 More London RiversideSE1 2AU,020 7379 0000
CRESSWELL & CO,HO,Lloyds Bank ChambersW4 1NP,0208 742 0070
CRIPPS HARRIES HALL LLP,HO,Wallside HouseTN1 1EG,01892 515 121
CRIPPS HARRIES HALL LLP,BRN,53 Chandos PlaceWC2N 4HS,0207 930 7879
CRIPPS SECRETARIES LIMITED,HO,Wallside HouseTN1 1EG,01892 515121
CRIPPS TRUST CORPORATION LIMITED,HO,Wallside HouseTN1 1EG,01892 515121
CROWELL & MORING,HO,11 Pilgrim StreetEC4V 6RN,+44 (0) 20 7413 0011
CRUTES LLP,HO,Great North HouseNE1 8ND,0191 233 9700
CRUTES LLP,BRN,Crutes HouseTS17 6EN,01642 623400
CRUTES LLP,BRN,13 Castle StreetCA3 8SY,01228 525195
CUMBERLAND ELLIS LLP,HO,Atrium CourtWC1R 4QR,020 7242 0422
CURRY POPECK,HO,87 Wimpole StreetW1G 9RL,020 7224 6633
CURTIS DAVIS GARRARD LLP,HO,Waterview HouseUB11 1AU,020 8734 2800
CURTIS MALLET-PREVOST COLT & MOSLE LLP,HO,53 New Broad StreetEC2M 1BB,020 7011 9500
CURZON HOUSE TRUSTEES LIMITED,BRN,Bull WharfBS1 6QR,1173218000
DALE AND CO SOLICITORS LIMITED,HO,11 Beaumont FeeLN1 1UH,01522 513 399
DARBYS SOLICITORS LLP,HO,52 New Inn Hall StreetOX1 2DN,01865 811700
DAVENPORT LYONS,HO,30 Old Burlington StreetW1S 3NL,020 7468 2600
DAVID DOWNTON & COMPANY,HO,Harefield ChambersMK19 7BB,01908 563030
DAVID GILLIES SOLICITOR,HO,Rohan HouseTN17 3LZ,01580 715523
DAVID ISAACS,HO,1 Berkshire RoadRG9 1ND,01491 577130
DAVIDSON LARGE LLP,HO,Royal HouseHG1 1EP,01423 727272
DAVIES ARNOLD COOPER LLP,HO,6-8 Bouverie StreetEC4Y 8DD,0207 936 2222
DAVIS & CO,HO,Misbourne HouseHP7 0DD,01494 787587
DAVIS & CO (SOLICITORS) LIMITED,HO,27 Old Gloucester StreetWC1N 3XX,0208 123 6373
DAVIS BLANK FURNISS,HO,Church HouseM3 2QJ,0161 832 3304
DAVIS BLANK FURNISS,BRN,10 Ellison StreetSK13 8BZ,01457 860606
DAWSONS LLP,HO,2 New SquareWC2A 3RZ,020 7421 4800
DEBORAH HUTCHINSON LIMITED,HO,Pearl Assurance HouseNG1 6BX,0115 947 6651
DECHERT LLP,HO,Times SquareEC4V 4QQ,020 7184 7000
DENISON TILL,HO,Stamford HouseYO1 9PP,01904 611411
DENTON WILDE SAPTE LLP,HO,One Fleet PlaceEC4M 7WS,020 7246 7000
DENTON WILDE SAPTE LLP,BRN,5 Chancery LaneEC4A 1BU,
DENTON WILDE SAPTE LLP,BRN,The PinnacleMK9 1FE,
DENTON WILDE SAPTE LLP,BRN,124 Chancery LaneWC2A 1PT,
DEVONSHIRES,HO,30 Finsbury CircusEC2M 7DT,020 7628 7576
DEWEY & LEBOEUF,HO,1 Minster CourtEC3R 7YL,020 7459 5000
DEWS WITCOMB,HO,87 London RoadLE2 0PF,0116 233 4499
DFA LAW LLP,HO,2 Waterside WayNN4 7XD,01604 609560
DICKINSON DEES (NOMINEES) LIMITED,HO,St. Anns WharfNE1 3DX,
DICKINSON DEES LLP,HO,St. Anns WharfNE1 3DX,0191 279 9000
DICKINSON DEES LLP,BRN,Camden HouseTS17 6QY,01642 631700
DICKINSON DEES LLP,BRN,One TrinityNE1 2HF,0191 279 9000
DICKINSON DEES LLP,BRN,The Chocolate WorksYO23 1DE,01904 612233
DICKINSON DEES LLP,BRN,Gate HouseEC4M 7LG,0844 984 1500
DICKINSON WOOD,HO,28 South ParadeDN1 2DJ,01302 329504
DIXON LAW LIMITED,HO,The Round FoundryLS11 5WH,0113 204 2470
DL LEGAL LLP,HO,Rahere HouseN13 4JR,0845 456 9800
DLA PIPER INTERNATIONAL LLP,HO,3 Noble StreetEC2V 7EE,08700 111 111
DLA PIPER UK LLP,HO,3 Noble StreetEC2V 7EE,08700 111 111
DLA PIPER UK LLP,BRN,1 St Paul's PlaceS1 2JX,08700 111 111
DLA PIPER UK LLP,BRN,Princes ExchangeLS1 4BY,+44 (0) 8700 111 111
DLA PIPER UK LLP,BRN,Victoria Square HouseB2 4DL,08700 111 111
DLA PIPER UK LLP,BRN,Seventh FloorL2 0NH,08700 111 111
DLA PIPER UK LLP,BRN,101 Barbirolli SquareM2 3DL,08700 111 111
DLA PIPER UK LLP,BRN,Carlton HouseM2 5PE,08700 111 111
DMB LAW,HO,144-146 St. Johns HillTN13 3PF,01732 228800
DMH STALLARD LLP,HO,100 Queens RoadBN1 3YB,01273 329833
DMH STALLARD LLP,BRN,Gainsborough HouseRH11 7FZ,01293 605000
DMH STALLARD LLP,BRN,6 New Street SquareEC4A 3BF,0207 822 1500
DMH TRUSTEES LTD,HO,100 Queens RoadBN1 3YB,01273 329833
DMH TRUSTEES LTD,BRN,Gainborough HouseRH11 7PZ,01293 605000
DMH TRUSTEES LTD,BRN,6 New Street SquareEC4A 3BF,0207 423 1000
DORADE LIMITED,HO,1 Broadstone HouseTQ6 9NR,01803 835 187
DORSEY & WHITNEY (EUROPE) LLP,HO,21 Wilson StreetEC2M 2TD,020 7588 0800
DORSEY & WHITNEY (EUROPE) LLP,BRN,Wellington HouseCB1 1BH,+44 (0) 1223 451 036
DRUCES LLP,HO,Salisbury HouseEC2M 5PS,020 7638 9271
DUANE  MORRIS,HO,10 Chiswell StreetEC1Y 4UQ,020 7786 2100
DUNDAS & WILSON LLP,HO,North West WingWC2B 4EZ,020 7240 2401
DUNHAM SOLICITORS LLP,HO,12 Walker AvenueMK12 5TW,01908 311300
DUNHAM SOLICITORS LLP,BRN,Unit 4DNN4 8BS,
DWF LLP,HO,Centurion HouseM3 3AA,0161 603 5000
DWF LLP,BRN,5 St Paul's SquareL3 9AE,0151 907 3000
DWF LLP,BRN,Bridgewater PlaceLS11 5Dy,0113 261 6000
DWF LLP,BRN,6 Winckley SquarePR1 3JJ,01772 556677
DWF LLP,BRN,Capital HouseEC4N 7BL,0207 645 9500
E S N SOLICITORS,BRN,141 Wood End LaneB24 8BD,0121 377 7773
E-BUSINESSLEGAL,HO,38 Elmore StreetN1 3AL,020 7704 0253
EATON RYAN & TAYLOR,HO,Lombard House 145B3 3LP,0121 236 1999
EDDOWES WALDRON,HO,12 St. Peters ChurchyardDE1 1TZ,01332 345461
EDWARD HANDS & LEWIS,HO,3 Rectory PlaceLE11 1UW,01509 216161
EDWARDS & CO,HO,GreenshawGU25 4PW,01344 843898
EDWARDS ANGELL PALMER & DODGE UK LLP,HO,1 Fetter LaneEC4A 1JB,020 7583 4055
EDWIN COE LLP,HO,2 Stone BuildingsWC2A 3TH,020 7691 4000
ELBORNE MITCHELL,HO,One America SquareEC3N 2PR,020 7320 9000
ELLIS JONES,BRN,99 Holdenhurst RoadBH8 8DY,01202 414000
ELLIS TAYLOR LAW LLP,HO,44-45 Chancery LaneWC2A 1JB,0207 405 0206
ELSE SOLICITORS LLP,HO,First AvenueDE14 2WE,01283 526200
ELSE SOLICITORS LLP,BRN,37 - 39 Ludgate HillB3 1EH,0121 222 2302
EMPORIKO DIKAIO LEGAL SERVICES LIMITED,HO,19 Thresher DriveSN25 4AE,01793 701 864
EMW PICTON HOWELL LLP,BRN,Seebeck HouseMK5 8FR,0845 070 6000
EPITOME LAW,HO,St. Johns Innovation CentreCB4 0WS,01223 303162
EQUILAW LLP,HO,Ellenborough HouseGL50 1YD,01242 224422
EVELING LEGAL & ADVISORY LIMITED,HO,Balliol HouseEX1 1NP,01392 479 002
EVERSHEDS LLP,HO,One Wood StreetEC2V 7WS,0845 497 9797
EVERSHEDS LLP,BRN,115 Colmore RowB3 3AL,0845 497 9797
EVERSHEDS LLP,BRN,Eversheds HouseM1 5ES,0845 497 9797
EVERSHEDS LLP,BRN,Bridgewater PlaceLS11 5DR,0845 497 9797
EVERSHEDS LLP,BRN,Central Square SouthNE1 3XX,0845 497 9797
EVERSHEDS LLP,BRN,1 Royal Standard PlaceNG1 6FZ,0845 497 9797
EVERSHEDS LLP,BRN,Franciscan HouseIP1 1UR,0845 497 9797
EVERSHEDS LLP,BRN,Kett HouseCB1 2JY,0845 497 9797
EVERYMAN LEGAL LIMITED,HO,Unit 1G  Network PointOX29 0YN,0845 868 0960
EVERYS,BRN,Hertford HouseEX1 1NP,01392 477983
EXCELLO LAW LIMITED,HO,Atlantic HouseRG2 0TD,01189 036 024
FAEGRE & BENSON LLP,HO,7 Pilgrim StreetEC4V 6LB,020 7450 4500
FARADAYS LAW LIMITED,HO,40 Devonshire DriveSE10 8JZ,0208 432 9473
FARNFIELD & NICHOLLS,HO,The SquareSP8 4AX,01747 825432
FARRER & CO LLP,HO,66 Lincoln's Inn FieldsWC2A 3LH,0207 242 2022
FASKEN MARTINEAU LLP.,HO,17 Hanover SquareW1S 1HU,020 7917 8500
FBC MANBY BOWDLER LLP,HO,George HouseWV2 4BZ,01902 578000
FBC MANBY BOWDLER LLP,BRN,1 St. Leonards CloseWV16 4EL,01746 761436
FBC MANBY BOWDLER LLP,BRN,Rowan HouseSY2 6LG,01743 241551
FBC MANBY BOWDLER LLP,BRN,Blount HouseTF3 4NQ,01952 291525
FBC MANBY BOWDLER LLP,BRN,6-10 George StreetWV2 4DN,01902 311711
FBC MANBY BOWDLER LLP,BRN,11-12 New RoadWV13 2BL,01902 366566
FBC MANBY BOWDLER LLP,BRN,Routh HouseTF3 4NJ,01952 292129
FIELD FISHER WATERHOUSE,HO,35 Vine StreetEC3N 2AA,020 7861 4000
FIELD FISHER WATERHOUSE LLP,HO,35 Vine StreetEC3N 2AA,0207 861 4000
FIELD FISHER WATERHOUSE LLP,BRN,27th FloorM1 4BD,0161 200 1700
FIELD SEYMOUR PARKES,HO,I London RoadRG1 4QW,0118 951 6200
FINERS STEPHENS INNOCENT LLP,HO,179-185 Great Portland StreetW1W 5LS,020 7323 4000
FIONA CAMPBELL,HO,Studio 5 Pembridge StudiosW11 3EP,020 7243 1982
FLADGATE LLP,HO,25 North RowW1K 6DJ,020 7323 4747
FLINT BISHOP LLP,HO,St. Michaels CourtDE1 3HQ,01332 340211
FOLKLAW LIMITED,HO,Foyle RidingRH8 0RT,07545 345992
FOLLETT STOCK LLP,HO,Truro Business ParkTR4 9NH,01872 241 700
FOOT ANSTEY,HO,Salt Quay HousePL4 0BN,01752 675 000
FOOT ANSTEY,BRN,Senate CourtEX1 1NT,01392 411221
FOOT ANSTEY,BRN,The QuadTA1 2PX,01823 625 600
FOOT ANSTEY INCORPORATING HANCOCK CAFFIN,BRN,Princes HouseTR1 2EY,01872 243300
FOOT ANSTEY INCORPRATION HANCOCK CAFFIN,BRN,The Old Manison HouseTR1 2HD,
FORBES,HO,Rutherford HouseBB1 8DD,01254 54374
FORBES,BRN,13-15 Cannon StreetBB5 1NJ,01254 872111
FORBES,BRN,73 NorthgateBB2 1AA,01254 580000
FORBES,BRN,Marsden HouseBB1 8DA,01254 662831
FORBES,BRN,Ribchester HousePR1 2QL,01772 220022
FORBES,BRN,1-3 Farrington StreetPR7 1DY,01257 260600
FORBES,BRN,Gothic HouseBB5 1LY,01254 872111
FORBES,BRN,13-14 South ParadeLS1 5QS,0113 244 6688
FOREMAN LAWS,HO,25 BancroftSG5 1JW,01462 458711
FORSYTH SIMPSON,HO,7 Cavendish SquareW1G 0PE,020 7612 7615
FOX WILLIAMS LLP,HO,Ten Dominion StreetEC2M 2EE,020 7628 2000
FRANCIS & HOW,HO,Botley HouseHP5 1DQ,01494 782541
FRANKLINS SOLICITORS LLP,HO,11-13 Castilian StreetNN1 1JX,01604 828282
FRANKLINS SOLICITORS LLP,BRN,12-14 Castilian StreetNN1 1JX,01604 828282
FRANKLINS SOLICITORS LLP,BRN,Silbury CourtMK9 2LY,01908 660966
FREETH CARTWRIGHT LLP,HO,80 Mount StreetNG1 6HH,0115 936 9369
FREETH CARTWRIGHT LLP,BRN,2nd Floor  West PointDE1 3QT,01332 361 000
FREETH CARTWRIGHT LLP,BRN,1 Colton SquareLE1 1QH,0116 248 1100
FREETH CARTWRIGHT LLP,BRN,St. James BuildingsM1 6FQ,0845 634 2540
FREETH CARTWRIGHT LLP,BRN,75 Colmore RowB3 2AP,0845 634 2575
FRESHFIELDS BRUCKHAUS DERINGER,HO,65 Fleet StreetEC4Y 1HS,020 7936 4000
FRESHFIELDS BRUCKHAUS DERINGER LLP,HO,65 Fleet StreetEC4Y 1HS,0207 936 4000
FRISBY SOLICITORS LIMITED,HO,26 Eastgate StreetST16 2LZ,01785 244114
FRISBY SOLICITORS LIMITED,BRN,28 Eastgate StreetST16 2LZ,01785 244114
FRISBY SOLICITORS LIMITED,BRN,9 Carmelite StreetEC4Y 0DR,0207 936 6399
FURLEY PAGE LLP,HO,39 St. Margarets StreetCT1 2TX,01227 763939
GARDINER & CO,HO,6 Aldred RoadNW6 1AN,+44 (0) 20 7435 0810
GARDNER LEADER LLP,HO,24 Market PlaceRG14 5BA,01635 508 080
GARDNER LEADER LLP,BRN,Winbolt HouseRG19 3HX,01635 508080
GARDNER LEADER LLP,BRN,5 Wharf StreetRG14 5AN,01635 508080
GARY CHADWICK LIMITED,HO,c/o ActonsNG1 5BQ,0115 9100 200
GELDARDS LLP,BRN,1 Pride PlaceDE24 8QR,01332 331631
GELDARDS LLP,BRN,The ArcNG2 1EN,0115 983 3650
GENESIS LEGAL SERVICES LIMITED,HO,Beacon HouseBH1 3LB,01202 552255
GEOFFREY LEAVER SOLICITORS LLP,HO,251 Upper Third StreetMK9 1DR,01908 692769
GEORGE & CO,HO,Orchard ValeIP30 9RW,01449 737582
GEORGE DAVIES SOLICITORS LLP,HO,Fountain CourtM2 2FB,0161 236 8992
GEORGE GREEN LLP,HO,195 High StreetB64 5HW,01384 410410
GIBSON DUNN & CRUTCHER LLP,HO,Telephone HouseEC4Y 0HB,0207 071 4000
GILL TURNER TUCKER,HO,Colman HouseME14 1JE,01622 759051
GILLHAMS SOLICITORS LLP,BRN,Second FloorEC4Y 1BJ,0207 353 2732
GLAISYERS SOLICITORS LLP,HO,One St James's SquareM2 6DN,0161 832 4666
GLAISYERS SOLICITORS LLP,BRN,1st FloorM13 0RX,0161 224 3311
GLANVILLES LLP,HO,The Courtyard PO30 5BF,01983 527878
GLANVILLES LLP,BRN,Langstone GatePO9 1TR,02392 492300
GLANVILLES LLP,BRN,West Wing  Cams HallPO16 8AB,01329 282841
GODLOVES SOLICITORS,HO,8-16 Dock StreetLS10 1LX,0113 225 8811
GOODMAN DERRICK LLP,HO,90 Fetter LaneEC4A 1PT,020 7404 0606
GORDONS LLP,HO,14 PiccadillyBD1 3LX,01274 202202
GORDONS LLP,BRN,Riverside WestLS1 4AW,0113 227 0100
GORDONS LLP,BRN,8 Duke StreetBD1 3QX,01274 202202
GORDONS PARTNERSHIP LLP,HO,22 Great James StreetWC1N 3ES,020 7421 9421
GORDONS PARTNERSHIP LLP,BRN,St. Marys ChambersGU1 3UA,01483 451 900
GOTELEE & GOLDSMITH,HO,31-41 Elm StreetIP1 2AY,01473 211121
GOTELEE & GOLDSMITH,BRN,6 Church StreetIP7 5DU,01473 822102
GRACELAND SOLICITORS,HO,15 Beresford SquareSE18 6AY,0208 836 9350
GRACELAND SOLICITORS,BRN,315 Lewisham High StreetSE13 6NL,020 8314 5770
GRAY & CO,HO,Habib HouseM1 1DB,0161 237 3360
GREENE & GREENE,HO,80 Guildhall StreetIP33 1QB,01284 762211
GREENWOODS SOLICITORS LLP,HO,Monkstone HousePE1 1JE,01733 887700
GREGORY ROWCLIFFE MILNERS,HO,1 Bedford RowWC1R 4BZ,020 7242 0631
GRID LAW LIMITED,HO,Melbury HouseBH8 8ES,01202 961342
GRIFFITH SMITH FARRINGTON WEBB LLP,HO,47 Old SteyneBN1 1NW,01273 324 041
GRIFFITH SMITH FARRINTON WEBB LLP,BRN,32 Keymer RoadBN6 8AL,01273 843 405
GRIFFITH SMITH FARRINTON WEBB LLP,BRN,Croft HouseBN5 9DJ,01273 492 045
GROSS & COMPANY,HO,83-84 Guildhall StreetIP33 1LN,01284 763333
GSC SOLICITORS LLP,HO,31-32 Ely PlaceEC1N 6TD,0207 822 2222
GUY THOMPSON & CO,HO,25 Poplar WalkSE24 0BX,0207 274 6874
H C L S LLP,HO,4th FloorW1K 4LP,0207 499 4779
HALCO MANAGEMENT LIMITED,BRN,5 Fleet PlaceEC4M 7RD,020 7203 5000
HALCO SECRETARIES LIMITED,BRN,5 Fleet PlaceEC4M 7RD,020 7203 5000
HALL & CO,HO,Flat 5  156 Sutherland AvenueW9 1HP,2072894318
HALLIWELLS LLP,HO,3 Hardman SquareM3 3EB,0844 875 8000
HALLIWELLS LLP,BRN,City PlazaS1 2GU,0114 229 8000
HALLIWELLS LLP,BRN,1 Threadneedle StreetEC2R 8AW,0870 365 8000
HALLIWELLS LLP,BRN,100 Old Hall StreetL3 9TD,0151 237 7777
HAMILTON PRATT,HO,120 Edmund StreetB3 2ES,0121 237 2027
HAMLINS LLP,HO,Roxburghe HouseW1B 2AD,020 7355 6000
HAMMONDS,HO,2 Park LaneLS3 1ES,0870 839 0000
HAMMONDS,BRN,7 Devonshire SquareEC2M 4YH,0870 839 0000
HAMMONDS,BRN,Trinity CourtM60 8HS,0870 839 0000
HAMMONDS,BRN,Rutland HouseB3 2JR,0870 839 0000
HAMMONDS LLP,HO,7 Devonshire SquareEC2M 4YH,0870 839 0000
HAMMONDS LLP,BRN,2 Park LaneLS3 1ES,0870 839 0000
HAMMONDS LLP,BRN,Trinity CourtM60 8HS,0870 839 0000
HAMMONDS LLP,BRN,Rutland HouseB3 2JR,
HANSEL HENSON LLP,HO,3rd FloorW1T 1PH,0207 307 5145
HARBOTTLE & LEWIS LLP,HO,14 Hanover SquareW1S 1HP,020 7667 5000
HARRIS & HARRIS,HO,14 Market PlaceBA5 2RE,01749 674747
HARRIS & HARRIS,BRN,11 Stony StreetBA11 1BU,01373 463366
HARRIS & HARRIS,BRN,25 Market PlaceBA5 2RF,01749 674747
HARRIS CARTIER LLP,HO,Windsor Crown HouseSL1 2DX,01753 810 710
HARRISON CLARK LLP,HO,5 DeanswayWR1 2JG,01905 612001
HARROWELLS LLP,BRN,Moorgate HouseYO30 4WY,01904 690111
HARVEY INGRAM LLP,HO,20-40 New WalkLE1 6TX,0116 254 5454
HARVEY INGRAM LLP,BRN,2nd FloorB3 1QZ,0121 262 6550
HARVEY INGRAM LLP,BRN,8th Floor  Edmund HouseB3 3EW,0121 214 1200
HARVEY INGRAM LLP,BRN,2nd Floor Moorgate HouseMK9 1JL,01908 295350
HAYRE & CO SOLICITORS LIMITED,HO,Kenburgh HouseBD1 4QU,01274 744 405
HBJ GATELEY WAREING LLP,HO,One Eleven Edmund StreetB3 2HJ,0121 234 0000
HBJ GATELEY WAREING LLP,BRN,Knightsbridge HouseLE1 5NL,0116 285 9000
HBJ GATELEY WAREING LLP,BRN,City Gate EastNG1 5FS,0115 983 8200
HBJ GATELEY WAREING LLP,BRN,Fleet Place HouseEC4M 7RF,020 7645 9000
HEALD SOLICITORS,HO,Ashton HouseMK9 2AH,01908 662277
HEATH BUCKERIDGE,HO,23 Queen StreetSL6 1NB,01628 671636
HECKFORD NORTON,BRN,Tudor HouseSG1 3HU,01438 312 211
HEMPSONS,BRN,Portland TowerM1 3LF,0161 228 0011
HEMPSONS,BRN,The ExchangeHG1 1DY,01423 522 331
HENMANS LLP,HO,5000 John Smith DriveOX4 2BH,01865 781000
HENRY'S SOLICITORS LIMITED,BRN,1 Market StreetSK13 8AL,01457 864143
HERBERT SMITH LLP,HO,Exchange HouseEC2A 2HS,020 7374 8000
HEREWARD & FOSTER,HO,101 Barking RoadE16 4HQ,020 7476 6600
HERRINGTON & CARMICHAEL LLP,HO,Waters EdgeGU15 3YL,01276 686222
HERRINGTON & CARMICHAEL LLP,BRN,Market ChambersRG40 1AL,0118 977 4045
HEWITSONS LLP,HO,Shakespeare HouseCB5 8EP,01223 461155
HEWITSONS LLP,BRN,7 Spencer ParadeNN1 5AB,01604 233233
HEWITSONS LLP,BRN,Exchange HouseMK9 2EA,01908 247020
HEWITSONS LLP,BRN,1 Billing RoadNN1 5DB,01604 627941
HGF LAW,HO,Belgrave HallLS2 8DD,0113 233 0148
HGF LAW,BRN,Lincolns Inn ChambersWC2A 1JA,2074408900
HIGGS & SONS,HO,3  Waterfront Business ParkDY5 1LX,01384 342100
HILL DICKINSON LLP,HO,No. 1 St. Paul's SquareL3 9SJ,0151 600 8000
HILL DICKINSON LLP,BRN,50 Fountain StreetM2 2AS,0161 817 7200
HILL DICKINSON LLP,BRN,Irongate HouseEC3A 7HX,020 7283 9033
HILL HOFSTETTER LLP,HO,Trigen HouseB90 8AB,0121 210 6000
HILLYER MCKEOWN LLP,HO,Murlain HouseCH1 1QP,01244 345 551
HILLYER MCKEOWN LLP,BRN,2-4 Church RoadCH63 7PH,0151 645 4255
HLW COMMERCIAL LAWYERS LLP,HO,Commercial HouseS1 2AT,0114 276 5555
HOGAN & HARTSON,HO,Juxon HouseEC4M 8BU,020 7367 0200
HOLDING-PARSONS,HO,5th Floor Sun Alliance HouseEC4A 1NE,020 7430 9474
HOLMAN FENWICK WILLAN LLP,HO,Friary CourtEC3N 2AE,+44 (0) 20 7264 8000
HOWARD KENNEDY,HO,19 Cavendish SquareW1A 2AW,020 7636 1616
HOWES PERCIVAL LLP,HO,Oxford HouseNN1 5PN,01604 230400
HOWES PERCIVAL LLP,BRN,252 Upper Third StreetMK9 1DZ,01908 672682
HOWES PERCIVAL LLP,BRN,1 Bede Island RoadLE2 7EA,0116 247 3500
HOWES PERCIVAL LLP,BRN,The GuildyardNR3 1DD,01603 762103
HOWES PERCIVAL LLP,BRN,SpringfieldsM3 3HF,0616 932 1612
HRJ LAW LLP,HO,7-8 Portmill LaneSG5 1AS,01462 628888
HRO GRANT DAWE LLP,HO,First Floor  Block 6W6 9HA,2073862240
HUGH CARTWRIGHT & AMIN,HO,12 John StreetWC1N 2EB,020 7632 4200
HUGHES ENTERPRISE LAW PRACTICE,HO,Trym LodgeBS9 3HQ,0117 959 6424
HUNTON & WILLIAMS,HO,30 St. Mary AxeEC3A 8EP,020 7220 5700
I ANTHONY D MARTIN,HO,Alderley HousePR7 5PY,01257 451383
IBA SOLICITORS,HO,13 Wellington RoadWF13 1HF,01924 455 000
IKIE SOLICITORS LLP,HO,153 Lewisham High StreetSE13 6AA,
ILAW LEGAL SERVICES LIMITED,HO,Hamilton HouseEC4Y 0HA,0207 489 2059
INESONS,HO,Provincial HouseBD19 3JG,01274 872202
INNSTEP (NOMINEES) LIMITED,HO,1 Park RowLS1 5AB,0113 244 5000
INNSTEP (NOMINEES) LIMITED,BRN,CitypointEC2Y 9AH,020 7418 7000
INNSTEP (NOMINEES) LIMITED,BRN,3 Colmore Circus QueenswayB4 6BH,0121 200 1050
INNSTEP (NOMINEES) LIMITED,BRN,Woodbridge HouseEC1R 0ER,0207 490 4000
INNSTEP (NOMINEES) LIMITED,BRN,33-35 Queen SquareBS1 4LU,0117 924 5678
IRWIN MITCHELL LLP,BRN,Imperial HouseB2 5DB,0870 1500 100
IRWIN MITCHELL LLP,BRN,2 Wellington PlaceLS1 4BZ,0870 1500 100
J D LAW LLP,HO,Temple Bar HouseEC4Y 1AA,0207 438 0990
J F KIRBY,HO,The Old SaddleryWR10 3DN,01386 751760
J P MITCHELL,HO,KBC ExchangeKT2 5AA,0208 547 4141
JAMES LOVE LEGAL LIMITED,HO,One Sceptre HouseHG2 8PB,0845 621 8000
JAMES WARE BAXTER SCHOENFELD LLP,HO,6 Gray's Inn SquareWC1R 5AX,0207 269 9022
JANE LITHERLAND,BRN,Heatherfield HouseS32 1DA,01433 659990
JANE SECRETARIAL SERVICES LIMITED,HO,Kinnaird HouseSW1Y 5AU,020 766 5600
JEFFREY GREEN RUSSELL,HO,Waverley HouseW1F 8GQ,020 7339 7000
JENNINGS IP AND MEDIA SOLICITORS,HO,Lodge FarmTN15 0NE,01732 762340
JK NOMINEES LIMITED,HO,Old Cathedral Vicarage S1 1XA,1142722061
JMW SOLICITORS LLP,HO,1 Byrom PlaceM3 3HG,0845 402 0001
JOELSON WILSON LLP,HO,30 Portland PlaceW1B 1LZ,020 7580 5721
JOHN BRITTEN LAW LIMITED,HO,c/o ActonsNG1 5BQ,0115 9100 200
JON ESSON LIMITED,HO,3 GreenwayHP4 3JD,07791 084 352
JONES CLARKE LIMITED,HO,14 Damson WayAL4 9XU,01727 845101
JONES DAY,HO,21 Tudor StreetEC4Y 0DJ,020 7039 5959
JORDANS,BRN,The GrainstoreWF1 2SG,01924 387110
JST LAWYERS,HO,Colonial ChambersL2 5RH,0151 282 2828
JUSPROWESS SOLICITORS,HO,162D High StreetTW3 1BQ,0208 814 0208
JW LAW,HO,21 Beacon Hill LaneBH21 3RU,01202 690658
K&L GATES LLP,HO,110 Cannon StreetEC4N 6AR,0207 648 9000
KEEBLE HAWSON,HO,Old Cathedral VicarageS1 1XA,0114 272 2061
KEEBLE HAWSON,BRN,Protection HouseLS1 2BR,0113 244 3121
KEEBLE HAWSON,BRN,5-7 Regent TerraceDN1 2EE,1302366831
KEMP LITTLE LLP,HO,Cheapside HouseEC2V 6BJ,020 7600 8080
KERMAN & CO LLP,HO,200 StrandWC2R 1DJ,2075397272
KERSEYS,HO,32 Lloyds AvenueIP1 3HD,01473 213311
KESTER CUNNINGHAM JOHN,HO,Fairstead HouseIP24 3PL,01842 752401
KESTER CUNNINGHAM JOHN,BRN,Beacon HouseIP32 7AR,01284 761233
KESTER CUNNINGHAM JOHN,BRN,Trafalgar HouseNR7 0TA,01603 703 070
KESTER CUNNINGHAM JOHN,BRN,Chequers HouseCB5 8EU,01223 363111
KEYSTONE LAW LIMITED,HO,Matrix StudiosSW6 3BU,020 7152 6550
KHM COMPANY SERVICES LIMITED,HO,Old Cathedral VicarageS1 1XA,01142 722061
KHM COMPANY SERVICES LIMITED,BRN,Protection HouseLS1 2BR,0113 2443121
KHM SECRETARIAL SERVICES LIMITED,HO,Old Cathedral VicarageS1 1XA,0114 272 2061
KHM SECRETARIAL SERVICES LIMITED,BRN,Protection HouseLS1 2BR,0113 2443121
KIDD RAPINET,HO,33 Queen StreetSL6 1NB,01628 621 301
KIDD RAPINET,BRN,20 Cross StreetRG1 1SN,01189 594116
KIDD RAPINET,BRN,Parliament HouseSL1 2BW,01753 532541
KIDD RAPINET,BRN,14-15 Craven StreetWC2N 5AD,020 7925 0303
KIDD RAPINET,BRN,Western HouseHP20 2RX,01296 432541
KIDD RAPINET,BRN,Thame HouseHP13 6RZ,01494 535321
KIDD RAPINET,BRN,17 South StreetGU9 7QU,01252 713242
KING PARTNERS SOLICITORS,HO,208 QueenswayMK2 2ST,01908 643 122
KING PARTNERS SOLICITORS,BRN,Ockway HouseN16 5SR,0208 802 9592
KING PRIOR MACDONALD BRIDGE,HO,1 Lord StreetDA12 1AW,01474 325678
KING PRIOR MACDONALD BRIDGE,BRN,Forge HouseME3 9RD,01634 272720
KINGSLEY NAPLEY LLP,HO,Knights QuarterEC1M 4AJ,0207 814 1200
KIPPAX BEAUMONT LEWIS,HO,28 Mawdsley StreetBL1 1LF,01204 527777
KIRKLAND & ELLIS INTERNATIONAL LLP,HO,30 St. Mary AxeEC3A 8AF,020 7469 2000
KIRWANS,HO,363 Woodchurch RoadCH42 8PE,0151 608 9078
KIRWANS,BRN,236-238 Hoylake RoadCH46 6AD,0151 677 3433
KIRWANS,BRN,6th FloorL2 3SX,0151 229 5600
KITELEYS SOLICITORS LIMITED,HO,7 St. Stephens CourtBH2 6LA,01202 299992
KJD,HO,Churchill HouseST1 3RQ,01782 202020
KNIGHTS SOLICITORS LLP,HO,The BramptonST5 0QW,01782 619225
KNIPE MILLER & CO SOLICITORS LLP,HO,Dembleby HousePE11 1ES,01775 768774
KRIS SEN SOLICITORS,HO,62 Pendle RoadSW16 6RU,020 8769 7125
KSRI SOLICITORS,HO,5 Ruddock CloseHA8 0SQ,020 8357 6871
KSRI SOLICITORS,BRN,4 Imperial PlaceWD6 1JN,0208 2133073
KUIT STEINART LEVY LLP,HO,3 St. Marys ParsonageM3 2RD,0161 832 3434
LACEYS,HO,5 Poole RoadBH2 5QL,01202 557256
LACEYS,BRN,257 Ashley RoadBH14 9DY,01202 743286
LACEYS,BRN,Unit 38  Basepoint EnterpriseSO14 5FE,01202 755900
LAMB BROOKS,HO,Victoria HouseRG21 7EQ,01256 844888
LANGLEYS,BRN,Queens HouseYO1 6WG,01904 610886
LANYON BOWDLER,HO,49 Church StreetTF1 1DA,01952 244721
LANYON BOWDLER,BRN,Chapter House NorthSY2 5DE,01743 280280
LANYON BOWDLER,BRN,Brodie HouseTF3 4DR,01952 291222
LANYON BOWDLER INCORPORATING MORGANS,BRN,12 The Business QuarterSY8 1FD,01584 872333
LAST CAWTHRA FEATHER LLP,BRN,24c Josephs WellLS3 1AB,01274 390 644
LATHAM & WATKINS (LONDON) LLP,HO,99 BishopsgateEC2M 3XF,020 7710 1000
LATIMER HINKS SOLICITORS (DARLINGTON) LLP,HO,5-8 PriestgateDL1 1NL,01325 341500
LAURENCE BOND SOLICITORS,BRN,Francis HouseCB2 1PH,07810 526 343
LAURENCE KAYE SOLICITOR,HO,Wisley HouseWD7 8DD,01923 352 117
LAURENCE ROSS & ASSOCIATES,HO,34 Watling StreetWD7 7NN,01923 85 0099
LAWBRIDGE SOLICITORS LIMITED,HO,Unit 31aCT19 4RH,01303 298392
LAWDIT SOLICITORS LIMITED,HO,1 Brunswick PlaceSO15 2AN,+44 (0)23 8023 5979
LAWDIT SOLICITORS LIMITED,BRN,Innovation CentrePO30 5WB,01983 550536
LAWGRAM DIRECTORS LIMITED,HO,4 More London RiversideSE1 2AU,020 7379 0000
LAWGRAM DIRECTORS LIMITED,BRN,61 St. Mary AxeEC3A 8JN,
LAWGRAM SECRETARIES LIMITED,HO,4 More London RiversideSE1 2AU,020 7379 0000
LAWGRAM SECRETARIES LIMITED,BRN,61 St. Mary AxeEC3A 8JN,020 7379 0000
LAWGRAM TRUSTEE AND NOMINEE COMPANY,HO,4 More London RiversideSE1 2AU,020 7379 0000
LAWMATIX LLP,HO,43 Drummond WaySK10 4XJ,01625 828877
LAWMATIX LLP,BRN,20 Carlisle CloseM45 6TH,0161 773 8000
LAWRENCE GRAHAM LLP,HO,4 More London RiversideSE1 2AU,020 7379 0000
LAWRENCE GRAHAM TRUST CORPORATION,HO,4 More London RiversideSE1 2AU,020 7379 0000
LAWRENCE STEPHENS,HO,Morley HouseEC1A 2AT,0207 935 1211
LAWYERS 4  I.T,HO,12 Ransome RoadCV7 8GZ,07747 806651
LAWYERS FOR BUSINESS LTD,HO,75 Harborne RoadB15 3DH,0844 967 2020
LAYTONS,HO,50 Victoria EmbankmentEC4Y 0LS,020 7842 8000
LAYTONS,BRN,Tempus CourtGU1 4SS,01483 407000
LAYTONS,BRN,22 St. John StreetM3 4EB,0161 214 1600
LEADER VAN BOSCH SOLICITORS,HO,10 Bank StreetTN23 1BX,01233 622321
LEATHES PRIOR,HO,74 The CloseNR1 4DR,01603 610911
LECOTE SOLICITORS,HO,29 Bishops RoadB73 6HX,07870 164686
LEE & PEMBERTONS LIMITED,HO,Kinnaird HouseSW1Y 5AU,020 7824 9111
LEE & PRIESTLEY LLP,HO,10-12 East ParadeLS1 2AJ,0845 129 2300
LEGAL HOBBIT,HO,New Broad Street HouseEC2M 1NH,02071 948 400
LEON KAYE SOLICITORS,HO,12 Ivory HouseSW11 3TN,0207 228 2020
LEONARD LOWY & CO,HO,85-87 Bayham StreetNW1 0AG,0207 788 4333
LESTER ALDRIDGE LLP,HO,Russell HouseBH8 8EX,01202 786161
LESTER ALDRIDGE LLP,BRN,Kildare HouseEC4Y 8EN,0870 224 0405
LESTER ALDRIDGE LLP,BRN,Alleyn HouseSO15 2EU,023 8082 7400
LESTER ALDRIDGE LLP,BRN,Fast Track HouseBH23 6EW,01202 597700
LESTER ALDRIDGE TRUST COMPANY,HO,Russell HouseBH8 8EX,01202 786161
LEVI SOLICITORS LLP,HO,33 St. Pauls StreetLS1 2JJ,0113 244 9931
LEWIS FRANCIS BLACKBURN BRAY,HO,14-16 Paradise SquareS1 2DE,0114 272 9721
LEWIS SILKIN LLP,HO,5 Chancery LaneEC4A 1BL,0207 074 8000
LEWIS SILKIN LLP,BRN,King Charles HouseOX1 1JD,01865 263070
LGML TRUSTEE AND NOMINEE COMPANY,HO,4 More London RiversideSE1 2AU,020 7379 0000
LINDER MYERS LLP,HO,Phoenix HouseM2 4JF,0161 832 6972
LINDER MYERS LLP,BRN,212a Finney LaneSK8 3QA,0161 437 8222
LINDER MYERS LLP,BRN,Irelands MansionSY1 1SQ,01743 231491
LINDER MYERS LLP,BRN,4 Claremont BankSY1 1RS,
LINDER MYERS LLP INCORPORATING ROSTRONS,BRN,21 Park StreetFY8 5LU,01253 733101
LINKLATERS LLP,HO,One Silk StreetEC2Y 8HQ,020 7456 2000
LINNELLS NOMINEES LIMITED,HO,Seacourt TowerOX2 0FB,01865 248 607
LINNELLS SECRETARIAL SERVICES LIMITED,HO,Seacourt TowerOX2 0FB,01865 248 607
LLOYDLAW LLP,HO,35 Idmiston RoadSE27 9HL,020 7403 5050
LODDERS SOLICITORS LLP,HO,10 Elm CourtCV37 6PA,01789 293259
LOGOS LEGAL SERVICES LIMITED,HO,42 New Broad StreetEC2M 1JD,0207 9203020
LORRELLS GEORGIOU NICHOLAS LLP,HO,25 Ely PlaceEC1N 6TD,020 7681 8888
LOUDOUNS,HO,15 Old BaileyEC4M 7EF,020 3178 4136
LOVELLS LLP,HO,Atlantic HouseEC1A 2FG,020 7296 2000
LUMSDONS SOLICITORS LLP,HO,17 New StreetDY13 8UP,01299 827766
LUPTON FAWCETT LLP,HO,Yorkshire HouseLS1 5BD,0113 280 2000
LUPTON FAWCETT LLP,BRN,35 Townhead StreetS1 2EB,0114 276 6607
LUPTON FAWCETT NOMINEES LTD,HO,Yorkshire HouseLS1 5BD,0113 280 2000
LYONS DAVIDSON,HO,Victoria HouseBS1 6AD,0117 904 6000
LYONS DAVIDSON,BRN,1 Endeavour HousePL6 8LR,01752 300530
LYONS DAVIDSON,BRN,Jago HouseB91 3DX,0121 683 8310
LYONS DAVIDSON,BRN,Park HouseKT3 4LP,020 8336 6900
LYONS DAVIDSON,BRN,St. Martins HouseLS1 2DZ,0113 368 6161
LYONS DAVIDSON,BRN,Bristol HouseBS1 6BY,0117 904 6000
LYONS DAVIDSON,BRN,Prospect HouseCT5 3FD,01227 284 050
LYONS DAVIDSON,BRN,Canningford HouseBS1 6BY,
M LAW LLP,HO,3 Charlotte MewsW1T 4DZ,0207 927 6240
MACE & JONES,HO,Drury HouseL2 0RP,0151 236 8989
MACE & JONES,BRN,Pall Mall CourtM2 4PD,0161 214 0500
MACE & JONES,BRN,98 King StreetWA16 6EP,01565 634234
MACFARLANES LLP,HO,20 Cursitor StreetEC4A 1LT,0207 831 9222
MACHINS,HO,Victoria StreetLU1 2BS,01582 514000
MACINTYRE CLARK LLP,HO,17a-19 Harcourt StreetW1H 4HF,
MACKRELL TURNER GARRETT,HO,Inigo PlaceWC2E 9EY,0207 240 0521
MACLAY MURRAY & SPENS LLP,BRN,1 London WallEC2Y 5AB,0207 002 8500
MACRAE & CO LLP,HO,59 Lafone StreetSE1 2LX,0207 378 7716
MACS LAW,HO,4th FloorW6 7DL,020 8600 4211
MAGWELLS,HO,Unit 6 Angel GateEC1V 2PB,020 7833 2244
MAITLAND WALKER,HO,22 The ParksTA24 8BT,01643 707777
MAITLAND WALKER,BRN,19 Imperial SquareGL50 1QZ,01242 285855
MANCHES LLP,HO,Aldwych HouseWC2B 4RP,020 7404 4433
MANCHES LLP,BRN,Oxford Business ParkOX4 2HN,01865 722106
MANDY KELLY LIMITED,HO,c/o ActonsNG1 5BQ,0115 9100 200
MARGARET OLUSEGUN,HO,3 The ViewSE2 0DX,01322 431807
MARJO NOMINEES LIMITED,HO,1 Colmore SquareB4 6AA,0870 763 2000
MARK ROBINSON TRANSACTIONAL INTELLECTUAL PROPERTY SERVICES,HO,17 Bradley GardensW13 8HE,07881 951 308
MARKS & CLERK SOLICITORS LLP,HO,90 Long AcreWC2E 9RA,020 7420 0250
MARKS & CLERK SOLICITORS LLP,BRN,66-68 Hills RoadCB2 1LA,01223 345539
MARRIOTT HARRISON,HO,Staple CourtWC1V 7QH,0207 209 2000
MARSDEN RAWSTHORN LLP,HO,Faraday CourtPR2 9NB,01772 799600
MARSDEN RAWSTHORN LLP,BRN,43 St. Thomas's RoadPR7 1JE,01257 279511
MARSHALL HAINES,HO,351 Norton Way SouthSG6 1SZ,01462 680955
MARSHALLCOX SOLICITORS,BRN,45 Castle StreetRG1 7SR,0118 957 0309
MARTIN-KAYE,HO,The FoundryTF3 4LY,01952 272222
MARTINEAU,HO,1 Colmore SquareB4 6AA,0870 763 2000
MARTINEAU,BRN,35 New Bridge StreetEC4V 6BW,0870 763 2000
MARTINEAU JOHNSON TRUSTEES LTD,HO,1 Colmore SquareB4 6AA,0870 763 2000
MATTHEW ARNOLD & BALDWIN LLP,HO,21 Station RoadWD17 1HT,01923 202020
MATTHEW ARNOLD & BALDWIN LLP,BRN,401 Grafton Gate EastMK9 1AQ,01908 687 880
MATTHEW ARNOLD & BALDWIN LLP,BRN,85 Fleet StreetEC4Y 1AE,0207 936 4600
MAXWELL WINWARD LLP,HO,100 Ludgate HillEC4M 7RE,2076510000
MAYER BROWN INTERNATIONAL LLP,HO,201 BishopsgateEC2M 3Af,020 3130 3000
MCCLURE NAISMITH LLP,BRN,Equitable HouseEC4R 9AF,0207 929 3770
MCCONNELL LAW,HO,98 Ennerdale RoadTW9 2DL,020 8255 9500
MCDANIEL & CO,HO,23 Portland TerraceNE2 1QS,0191 281 4000
MCDERMOTT WILL & EMERY UK LLP,HO,7 BishopsgateEC2N 3AR,020 7577 6900
MCEVEDYS,HO,96 Westbourne Park RoadW2 5PL,0207 243 6122
MCGRIGORS LLP,BRN,Century HouseEC4M 7BA,020 7054 2500
MCGRIGORS LLP,BRN,The PinnacleM2 4NG,0161 662 8000
MCHALE & COMPANY,HO,19-21 High StreetWA14 1QP, 0161 928 32 28
MCKENZIE LAW LIMITED,HO,E Innovation CentreTF2 9FT,01952 288390
MCKENZIE LAW LIMITED,BRN,The WoodlandsSY3 9HJ,01743 244666
MCNAIR & CO,HO,E B C HouseSW6 3PA,020 7371 7896
MEL GOLDBERG LAW,HO,Media HouseW1C 1AT,020 7355 0310
MEMERY CRYSTAL LLP,HO,44 Southampton BuildingsWC2A 1AP,020 7242 5905
METCALFES,HO,46-48 Queen SquareBS1 4LY,0117 929 0451
MICHAEL SIMKINS LLP,HO,Lynton HouseWC1H 9LT,0207 874 5600
MICHAEL SPENCER LAW LIMITED,HO,c/o ActonsNG1 5BQ,0115 9 100 200
MICHAEL WYDRA & CO,HO,Broughton HouseW1S 3DG,020 7437 3640
MICHELMORES LLP,HO,Woodwater HouseEX2 5WR,01392 688688
MICHELMORES LLP,BRN,HarstonEX10 8LT,01395 512515
MICHELMORES LLP,BRN,Clarges HouseW1J 8DH,020 7659 7660
MIKE NORTHERN LEGAL,HO,7 Old Road WestDA11 0LH,01474 329961
MILBANK TWEED HADLEY & MCCLOY LLP,HO,10 Gresham StreetEC2V 7JD,020 7615 3000
MILLBANK EDGE LLP,HO,Centurion HouseM3 3WR,
MILLBANK SOLICITORS,HO,30 St. John's LaneEC1M 4NB,020 7100 1313
MILLER ROSENFALCK LLP,HO,17-18 Aylesbury StreetEC1R 0DB,020 7553 9930
MILLER ROSENFALCK LLP,BRN,The Henderson Business CentreNR5 8BF,01603 251 790
MILLS & REEVE LLP,HO,Fountain HouseEC3M 5DJ,020 7648 9220
MILLS & REEVE LLP,BRN,78-84 Colmore RowB3 2AB,0121 454 4000
MILLS & REEVE LLP,BRN,Francis HouseCB2 1PH,01223 364422
MILLS & REEVE LLP,BRN,1 St. James CourtNR3 1RU,01603 660155
MILLS & REEVE LLP,BRN,Peter HouseM1 5AN, 0844 561 0011
MILLS & REEVE LLP,BRN,1 City SquareLS1 2ES,0844 561 0011
MILNERS,HO,Crown HouseLS1 3BR,0113 245 0852
MILNERS,BRN,5a Wood StreetWF1 2EL,01924 386609
MILNERS,BRN,9a High StreetWF9 1HR,01977 644864
MILNERS,BRN,18 Blacker RoadS75 6BW,01226 391173
MINTER ELLISON,HO,6th FloorEC2M 2EE,0207 448 4800
MINTZ LEVIN COHN FERRIS GLOVSKY AND POPEO LLP,HO,Alder CastleEC2V 7JX,020 7776 7300
MISHCON DE REYA,HO,Summit HouseWC1R 4QD,0207 4407000
MITCHELL WILDE LLP,HO,Mercury HouseNG7 7FN,0115 964 8237
MITCHELLS SOLICITORS LLP,HO,392 Palatine RoadM22 4FZ,0161 945 2299
MITCHINERS,HO,31 Herne HillSE24 9NF,+44 (0) 20 8637 9165
MK 2010 LLP,HO,The FoundryTF3 4LY,01952 272 222
MLS CHASE LLP,HO,The CourtyardTW18 4XS,01784 225 850
MODUS LEGAL,HO,104 Garden LaneCH1 4EY,01244 372584
MOON BEEVER,HO,24-25 Bloomsbury SquareWC1A 2PL,020 7637 0661
MOORCROFTS LLP,HO,James HouseSL7 1FJ,01628 470 000
MOORE,HO,Unit 11  Lillyhall Business CeCA14 4HA,0121 314 8018
MOORE & TIBBITS,HO,34 High StreetCV34 4BE,01926 491181
MOORE BLATCH LLP,HO,11 The AvenueSO17 1XF,023 8071 8000
MOORE BLATCH LLP,BRN,64 London RoadSO15 2AH,023 8071 8000
MOORE BLATCH LLP,BRN,48 High StreetSO41 9ZQ,01590 625800
MOORE BLATCH LLP,BRN,54 High StreetSO41 9YA,
MOORE BLATCH LLP,BRN,3 Castle YardTW10 6TF,0208 744 0766
MOORE BLATCH RESOLVE LLP,HO,64 London RoadSO15 2AH,2380718000
MOORE BLATCH RESOLVE LLP,BRN,64 London RoadSO15 2AH,023 8071 8000
MOORE BLATCH RESOLVE LLP,BRN,3 Castle YardTW10 6TF,0208 744 0766
MOORHEAD JAMES LLP,HO,Kildare HouseEC4Y 8EN,020 7831 8888
MORGAN COLE,HO,Buxton CourtOX2 0SZ,01865 262600
MORGAN COLE,BRN,Apex PlazaRG1 1AX,0118 955 3000
MORGAN COLE,BRN,3rd FloorRG1 3BJ,0118 955 3000
MORGAN COLE,BRN,3rd FloorBS1 3NX,0845 290 3800
MORGAN LEWIS & BOCKIUS,HO,Condor HouseEC4M 8AL,+44 (0)20 3201 5000
MORGAN RUSSELL LLP,HO,Hillbrow HouseKT10 9NW,01372 461411
MORGAN WALKER SOLICITORS LIMITED,HO,115a Chancery LaneWC2A 1PR,0207 831 8333
MORRISON & FOERSTER (UK) LLP,HO,CitypointEC2Y 9AW,+44 (0)20 7920 4000
MORTON PRICE,HO,Belmayne HouseS10 2LN,0114 266 4141
MTC LAW LIMITED,HO,2 Charles StreetW1J 5DB,0207 426 7708
MUCKLE LLP,HO,Time CentralNE1 4BF,0191 211 7777
MUNDAYS LLP,HO,Cedar HouseKT11 1AN,01932 590500
MYERS LISTER PRICE,HO,5-7 Market StreetWA14 1QE,0161 926 9969
NABARRO LLP,HO,Lacon HouseWC1X 8RW,020 7524 6000
NABARRO LLP,BRN,1 South QuayS2 5SY,0114 279 4000
NC LAW LTD,HO,14 High StreetMK17 0EP,01908 520 295
NEEDHAM & JAMES LLP,HO,Needham & James HouseCV37 6YY,0845 630 8833
NEEDHAM & JAMES LLP,BRN,One Colmore RowB3 2BJ,0845 630 8833
NEEDHAM & JAMES LLP,BRN,The Assembly RoomsCV36 4AT,0845 630 8833
NEEDHAM & JAMES LLP,BRN,Compton HouseGL56 0AX,0845 630 8833
NEIL MYERSON LLP,HO,The CottagesWA14 1RX,0161 941 4000
NEIL MYERSON LLP,BRN,Mere HouseWA14 1PF,0161 941 4000
NEIL MYERSON LLP,BRN,Esmond HouseWA14 2QS,0161 941 4000
NELSONS SOLICITORS LLP,HO,Pennine HouseNG1 7BQ,0115 9586262
NELSONS SOLICITORS LLP,BRN,Sterne HouseDE1 3WD,01332 372372
NELSONS SOLICITORS LLP,BRN,Provincial HouseLE1 6TU,0116 222 6666
NEUMANS LLP,HO,Ocean HouseEC4V 2AR,020 7429 3900
NEW MEDIA LAW LLP,HO,3-4a Little Portland StreetW1W 7JB,0207 291 1670
NEWMAN LAW SOLICITORS,HO,10 Hendon LaneN3 1TR,020 8349 2655
NEWMAN LAW SOLICITORS,BRN,Central HouseN3 1LQ,0208 349 8012
NEXUS SOLICITORS,HO,Carlton HouseM2 5PE,0161 819 4900
NEXUS SOLICITORS,BRN,2 Swinton SquareWA16 6HH,01565 632152
NICHOLAS HART SOLICITORS,HO,39 Hatton GardenEC1N 8EH,0207 2429 222
NICKY CALTHROP-OWEN LIMITED,HO,c/o ActonsNG1 5BQ,0115 9100 200
NICOLAOU SOLICITORS,HO,The Barn StudiosEN7 5JA,01707 877707
NOCKOLDS LLP,HO,6 Market SquareCM23 3UZ,01279 755777
NOMOS LEGAL SERVICES LIMITED,HO,RushpointSL5 7LY,07894 253 120
NORTH STAR LAW LLP,HO,1-6 Yarmouth PlaceW1J 7BU,
NORTHWOOD REID,HO,Innovation HouseOX2 0JX,01865 811101
NORTON ROSE LLP,HO,3 More London RiversideSE1 2AQ,020 7283 6000
NORWOOD NICHOLLS,HO,81 Rivington StreetEC2A 3AY,020 3137 0756
NOVALEX LIMITED,HO,Midsummer CourtMK9 2UB,01908 440 020
O'MELVENY & MYERS LLP,HO,Warwick CourtEC4M 7DX,0207 088 0000
OAKLAND & CO,HO,27 Acacia RoadNW8 6AR,0207 722 7257
OLIVER & CO,HO,Booth MansionCH1 2LA,01244 312 306
OLSWANG LLP,HO,90 High HolbornWC1V 6XX,0207 067 3000
OLSWANG LLP,BRN,Apex PlazaRG1 1AX,0207 067 3000
ORIGIN LIMITED,HO,Twisden WorksNW5 1DN,020 7424 1950
ORR LITCHFIELD LLP,HO,Third FloorWC2R 3HU,0207 395 2180
ORRICK  HERRINGTON & SUTCLIFFE (EUROPE) LLP,HO,107 CheapsideEC2V 6DN,+44 207 562 5000
OSBORNE CLARKE,HO,2 Temple Back EastBS1 6EG,0117 917 3000
OSBORNE CLARKE,BRN,One London WallEC2Y 5EB,020 7105 7004
OSBORNE CLARKE,BRN,Apex PlazaRG1 1AX,0118 925 2000
OSBORNE CLARKE NOMINEES LTD,HO,2 Temple Back EastBS1 6EG,
OSBORNE CLARKE PENSION TRUSTEES LIMITED,HO,2 Temple Back EastBS1 6EG,
OSBORNE CLARKE PROJECTS LIMITED,HO,2 Temple Back EastBS1 6EG,0117 917 3000
OSBORNE CLARKE PROJECTS LIMITED,BRN,1 London WallEC2Y 5EB,020 7105 7000
OSBORNE CLARKE PROJECTS LIMITED,BRN,Apex PlazaRG1 1AX,0118 925 2000
OSBORNE CLARKE TRUSTEES LIMITED,HO,2 Temple Back EastBS1 6EG,
OURY CLARK,HO,10 John StreetWC1N 2EB,020 7067 4300
OVER TAYLOR BIGGS,HO,4 Cranmere CourtEX2 8PW,01392 823811
OWEN WHITE,HO,Senate HouseSL1 3SR,01753 876800
OXLEY & COWARD,HO,34/46 Moorgate StreetS60 2HB,01709 510999
PALMERS,HO,19 Town SquareSS14 1BD,01268 240000
PALMERS,BRN,Prospect HouseCM3 5XB,01245 322111
PALMERS,BRN,Ascension ChambersRM16 6HH,01375 484444
PANNONE LLP,HO,123 DeansgateM3 2BU,0161 909 3000
PANNONE LLP,BRN,Ollerbarrow HouseWA15 9SQ,0161 926 1960
PANNONE LLP,BRN,69 London RoadSK9 7DY,01625 587640
PARIS SMITH LLP,HO,1 London RoadSO15 2AE,023 8048 2482
PARK SQUARE (LEEDS) NOMINEES  LIMITED,HO,1 Park RowLS1 5AB,0113 244 5000
PAUL ANTHONY MILTON,HO,Willen CoppiceSL6 7QF,01628 670497
PAUL FOLEY,HO,29th FloorE14 5DY,+44 020 7712 1542
PAUL SMITH & CO,HO,308 High StreetCR0 1NG,0208 686 5344
PAYNE HICKS BEACH,HO,10 New SquareWC2A 3QG,020 7465 4300
PB LEGAL LIMITED,HO,International HouseRH10 1LE,01293 553000
PEACHEY & CO LLP,HO,95 AldwychWC2B 4JF,020 7316 5200
PEACOCK & CO,HO,94 High Street WimbledonSW19 5EG,020 8944 5290
PEARNE & CO,HO,42 Pilley LaneGL53 9ER,020 290 5555
PELLYS LLP,HO,Old MonasteryCM23 2ND,01279 758 080
PELLYS LLP,BRN,12 Market WalkCB10 1JZ,01799 514420
PELLYS LLP,BRN,61 Regent StreetCB2 1AB,01279 758080
PELLYS TRANSPORT & REGULATORY SERVICES LIMITED,HO,Old MonasteryCM23 2ND,01279 758 080
PEMBERTON GREENISH,HO,45 Pont StreetSW1X 0BX,020 7591 3333
PENNINGTONS SOLICITORS LLP,HO,Abacus HouseEC2V 8AR,020 7457 3000
PENNINGTONS SOLICITORS LLP,BRN,HighfieldGU7 1NS,01483 791800
PENNINGTONS SOLICITORS LLP,BRN,da Vinci HouseRG21 4EQ,01256 407100
PETER ADEDIRAN INTERNET LAWYERS,HO,Davenport HouseE14 9RP,0207 510 9484
PETER J EWART & CO SOLICITORS,HO,East End HouseGL7 4AP,01285 713715
PETER MILLICAN & CO,HO,Northumbria Centre for EnterprNE63 9JZ,01670 528450
PETER SEYMOUR LIMITED,HO,c/o ActonsNG1 5BQ,0115 9100 200
PHILLIPS,HO,Town GateRG21 7NY,01256 460830
PILLSBURY WINTHROP SHAW PITTMAN LLP,HO,Tower 42  Level 23EC2N 1HQ,020 7847 9500
PINSENT MASONS LLP,HO,CitypointEC2Y 9AH,020 7418 7000
PINSENT MASONS LLP,BRN,30 Aylesbury StreetEC1R 0ER,020 7490 4000
PINSENT MASONS LLP,BRN,3 Colmore Circus QueenswayB4 6BH,0121 200 1050
PINSENT MASONS LLP,BRN,33-35 Queen SquareBS1 4LU,0117 924 5678
PINSENT MASONS LLP,BRN,1 Park RowLS1 5AB,0113 244 5000
PINSENT MASONS LLP,BRN,3 Hardman StreetM3 3AU,0161 234 8234
PITMANS,HO,47 Castle StreetRG1 7SR,0118 958 0224
PITMANS,BRN,57 Castle StreetRG1 7SN,01189 580224
PITMANS,BRN,1 Crown CourtEC2V 6LR,+44 (0) 20 7634 4620
PITMANS,BRN,The AnchorageRG1 2LU,0118 958 0224
PITMANS HOLDINGS LLP,HO,47 Castle StreetRG1 7SR,0118 957 0516
PITMANS SK SPORT & ENTERTAINMENT LLP,HO,1 Crown CourtEC2V 6LR,0118 957 0445
PITMANS TRUSTEES LIMITED,HO,1 Crown CourtEC2V 6LR,020 7634 4620
POWELL GILBERT LLP,HO,25 Southampton BuildingsWC2A 1AL,020300 88085
PRECISION LAW,HO,Ancient HouseCO10 5HN,01787 211 778
PREISKEL & CO LLP,HO,5 Fleet PlaceEC4M 7RD,0207 332 5640
PRETTYS,HO,Elm HouseIP1 2AD,01473 232121
PRICEWATERHOUSECOOPERS LEGAL LLP,HO,12 Plumtree CourtEC4A 4HT,0207 212 1616
PRICEWATERHOUSECOOPERS LEGAL LLP,BRN,1 Embankment PlaceWC2N 6DX,0207 212 1616
PRICEWATERHOUSECOOPERS LEGAL MIDDLE EAST LLP,HO,12 Plumtree CourtEC4A 4HT,
PRITCHARD ENGLEFIELD,HO,14 New StreetEC2M 4HE,020 7972 9720
PRITCHETTS,HO,The MoatBS9 3HF,0117 307 0266
QUANTRILLS,HO,The Peninsula Business CentreIP9 2BB,01473 688100
QUASTEL MIDGEN LLP,HO,74 Wimpole StreetW1G 9RR,020 7908 2525
R D Y JENNINGS & CO,HO,47 York RoadYO17 6AX,08700 118 155
R G ELLIOTT LIMITED,HO,Great North HouseNE1 8ND,0191 233 9700
R S GOUGH & CO,HO,Technology CentreWV10 9RU,01902 420200
RADCLIFFESLEBRASSEUR,HO,5 Great College StreetSW1P 3SJ,020 7222 7040
RADCLIFFESLEBRASSEUR,BRN,5-6 Park PlaceLS1 2RU,0113 234 1220
RAMSBOTTOM & CO SOLICITORS LIMITED,HO,5 Seagrove AvenuePO11 9EU,02392 465 931
RANSONS,HO,10 Eastwick RoadKT12 5AW,01932 269448
RAWLISON BUTLER LLP,HO,Griffin HouseRH10 1DQ,01293 527744
RAWLISON BUTLER LLP,BRN,Ridgeland HouseRH12 1DY,01403 252492
RAWLISON BUTLER LLP,BRN,Second FloorW1J 6BD,0207 887 4548
REDD SOLICITORS LLP,HO,29 Cloth FairEC1A 7JQ,0207 776 4760
REED SMITH LLP,HO,The Broadgate TowerEC2A 2RS,020 3116 3000
REORIENT LEGAL LIMITED,BRN,Tippens Wood Business CentreRG40 5SH,
REYNOLDS PARRY JONES,HO,10 Easton StreetHP11 1NP,01494 525941
REYNOLDS PORTER CHAMBERLAIN LLP,HO,Tower Bridge HouseE1W 1AA,020 3060 6000
RICHARD WILSON SOLICITORS LTD,HO,Cymbal HouseRG8 9AU,01491 879100
RICKERBYS (CHELTENHAM) LIMITED,HO,Ellenborough HouseGL50 1YD,01242 224422
RICKERBYS LLP,HO,Ellenborough HouseGL50 1YD,01242 224422
RICKERBYS NOMINEES LIMITED,HO,Ellenborough HouseGL50 1YD,01242 224422
ROBERT CAIN LAW,HO,Bulls Head BarnMK16 8LP,01908 551 033
ROBERTS & PARTNERS SOLICITORS LLP,HO,Centurion HouseM2 3WR,0161 932 1700
ROBIN BARON COMMERCIAL LAWYERS,HO,40 Laurier RoadNW5 1SJ,020 7485 4477
ROCHMAN LANDAU LLP,HO,Accurist HouseW1U 7AL,0207 544 2424
ROITER ZUCKER,HO,Central CourtWC2A 1AL,020 3178 8900
ROLLINGSONS,HO,Marlborough CourtEC1N 2LE,020 7611 4848
ROLLITS,HO,Wilberforce CourtHU1 1YJ,01482 323239
ROLLITS,BRN,Rowntree WharfYO1 9WE,01904 625790
ROLLITS NOMINEES LIMITED,HO,Wilberforce CourtHU1 1YJ,01482 323 239
ROSENBLATT,HO,9-13 St. Andrew StreetEC4A 3AF,020 7955 0880
ROSEWOOD LEGAL CONSULTANCY LIMITED,HO,64 Weston ParkKT7 0HL,0208 339 2504
ROSHANIAN PAYMAN INTERNATIONAL SOLICITORS,HO,55 Park LaneW1K 1NA,+44 (0)20 7499 2712
ROUSE LEGAL,HO,11th FloorE14 9GE,020 7536 4100
ROUSE LEGAL,BRN,1st FloorOX2 7BY,01865 318400
ROUSE LEGAL,BRN,Electron BuildingOX11 0QR,01235 433300
ROW & SCOTT,BRN,4 Church StreetDH8 5QA,01207 591 810
ROWBERRY MORRIS,HO,17 Castle StreetRG1 7SB,0118 958 5611
ROYDS LLP,HO,65 Carter LaneEC4V 5HF,020 7583 2222
ROYDS LLP,BRN,18 Crown LaneSM4 5BS,020 8542 1067
RUBINSTEIN PHILLIPS LLP,HO,19 Buckingham StreetWC2N 6EF,020 7925 2244
RUSSELL - COOKE LLP,HO,2 Putney HillSW15 6AB,0208 789 9111
RUSSELL - COOKE LLP,BRN,Bishops Palace HouseKT1 1QN,020 8546 6111
RUSSELL - COOKE LLP,BRN,8 Bedford RowWC1R 4BX,020 7405 6566
RUSSELL JONES & WALKER,HO,50-52 Chancery LaneWC2A 1HL,2076571555
RUSSELL JONES & WALKER,BRN,11th Floor  The McLaren BuildiB4 7LN,0121 233 8300
RUSSELL JONES & WALKER,BRN,Broad Quay HouseBS1 4DJ,0117 374 2222
RUSSELL JONES & WALKER,BRN,First FloorM1 4DZ,0161 383 3500
RUSSELL JONES & WALKER,BRN,3rd Floor Fountain PrecinctS1 2JA,0114 276 6868
RUSSELL JONES & WALKER,BRN,Ground Floor Block CNE2 4LD,0191 204 6000
RUSSELL JONES & WALKER,BRN,Unit 6b  2nd Floor Benton OffiWF4 5RA,01924 234 300
RYLANDS LAW,HO,The Old VicarageS32 1AJ,01433 650878
S.Z. SOLICITORS,HO,Suite 7  Neals CornerTW3 3HJ,2085721556
SA LAW LLP,HO,60 London RoadAL1 1NG,01727 798000
SABEERS STONE GREENE LLP,HO,130a Uxbridge RoadW12 8AA,0208 740 7007
SACHEDINAS SOLICITORS,HO,3 Westfield HouseYO26 6GA,01904 793195
SALANS LLP,HO,Millennium Bridge HouseEC4V 4AJ,020 7429 6000
SALANS LLP,BRN,North TowerBR1 1LR,020 8460 2237
SALANS LLP,BRN,Keystone Innovation CentreIP24 1JD,01842 851 400
SCHILLINGS,HO,40-41 Bedford SquareWC1B 3HX,020 7034 9000
SCHNEIDER PAGE,HO,18 North Tenter StreetE1 8DL,020 7480 5477
SCHNEIDER PAGE,BRN,12 Semaphore RoadGU1 3PS,01483 535997
SCHYTHERBOLLE LIMITED,HO,The DairyOX1 5EP,01865 601 240
SEABOURNE LAWLEYS,HO,62 High StreetHA6 1BL,01923 820639
SEDDONS,HO,5 Portman SquareW1H 6NT,020 7725 8000
SFS LEGAL LIMITED,HO,Barkby HouseLE4 9LG,0845 257 6470
SFS LEGAL LIMITED,BRN,25 Canada SquareE14 5LQ,+44 (0)845 257 6470
SFS LEGAL LIMITED,BRN,Central BoulevardB90 8AG,0845 257 6470
SHADBOLT LLP,HO,Chatham CourtRH2 7LD,0845 437 1000
SHADBOLT LLP,BRN,Old Change HouseEC4V 4BJ,0845 437 1000
SHAKESPEARE PUTSMAN LLP,HO,Somerset HouseB2 5DJ,0121 237 3000
SHAKESPEARES (NOMINEES) LIMITED,HO,Somerset HouseB2 5DJ,0121 632 4199
SHARPE PRITCHARD,HO,Elizabeth HouseWC1V 6HG,020 7405 4600
SHERIDANS,HO,Whittington HouseWC1E 7EA,020 7079 0100
SHIPLEY SOLICITORS LIMITED,HO,Liverpool Science Park L3 5TF,0151 705 3440
SHOOSMITHS,HO,5 The LakesNN4 7SH,08700 863000
SHOOSMITHS,BRN,Apex PlazaRG1 1SH,08700 868800
SHOOSMITHS,BRN,Waterfront HouseNG2 3DQ,08700 865000
SHOOSMITHS,BRN,1550 Parkway  Solent BusinessPO15 7AG,01489 881010
SHOOSMITHS,BRN,1st FloorMK9 1ES,08700 868300
SHOOSMITHS,BRN,7th FloorB3 3SH,08700 864000
SHOOSMITHS,BRN,10th FloorM3 3HF,
SHOOSMITHS SOLICITORS PERSONAL INJURY DIVISION,BRN,Quantum HouseRG21 4EX,01256 696200
SHULMANS,HO,120 Wellington StreetLS1 4LT,0113 245 2833
SHUPAK & CO,HO,Fifth Floor WestEC3M 5BS,020 7488 0214
SIDLEY AUSTIN LLP,HO,Woolgate ExchangeEC2V 5HA,+44 (0) 20 7360 3600
SILLS & BETTERIDGE LLP,BRN,Aquis HouseLN2 1JN,01522 542 211
SILVERMAN SHERLIKER LLP,HO,7 Bath PlaceEC2A 3DR,020 7749 2700
SIMMONS & SIMMONS,HO,CitypointEC2Y 9SS,020 7628 2020
SIMON DAKIN LIMITED,HO,c/o ActonsNG1 5BQ,0115 9100 200
SIMON WILLANS & CO,HO,The Old Police StationSG8 9DU,01763 242454
SIMONS MUIRHEAD & BURTON,HO,8-9 Frith StreetW1D 3JB,0203 206 2700
SINGLETONS,HO,The RidgeHA5 3YD,020 8866 1934
SINTONS LLP,HO,The CubeNE4 6DB,0191 226 7878
SIOBHAN GOODACRE LIMITED,HO,Pearl Assurance HouseNG1 6BX,0115 947 6651
SISNIC LEGAL SERVICES LIMITED,HO,11 Elmdale RoadBS8 1SL,0117 929 3333
SISNIC LEGAL SERVICES LIMITED,BRN,370 Two Mile Hill RoadBS15 1AQ,01179 679 395
SISNIC LEGAL SERVICES LIMITED,BRN,12 West Town LaneBS4 5BN,0117 971 6765
SJ BERWIN (NOMINEES) LIMITED,HO,10 Queen Street PlaceEC4R 1BE,
SJ BERWIN LLP,HO,10 Queen Street PlaceEC4R 1BE,020 7111 2222
SKADDEN ARPS SLATE MEAGHER & FLOM (UK) LLP,HO,40 Bank StreetE14 5DS,+44 (0)20 7519 7000
SLATER HEELIS,HO,16 School RoadM33 7XP,0161 969 3131
SLATER HEELIS,BRN,4 Moorside RoadSK4 4DT,0161 431 9311
SLATER HEELIS,BRN,The Old Police HouseM41 9JQ,0161 748 2465
SLATER HEELIS,BRN,Dovecote HouseM33 2HG,0161 969 3131
SLAUGHTER AND MAY,HO,One Bunhill RowEC1Y 8YY,+44 (0) 20 7600 1200
SMITHS-LAW LLP,HO,17 Shorts GardensWC2H 9AT,020 7395 8630
SOLOMON TAYLOR & SHAW (INC.MARSH REGAN),HO,3 Coach House YardNW3 1QF,020 7431 1912
SOLOMONS LEGAL,HO,Central BoulevardB90 8AG,01564 711101
SOUTH MANCHESTER SOLICITORS LIMITED,HO,Errwood HouseSK7 1BD,0845 453 4882
SOVEREIGN TRUSTEES LIMITED,HO,Sovereign HouseLS1 1HQ,0113 209 2000
SOVEREIGN TRUSTEES LIMITED,BRN,100 Barbirolli SquareM2 3AB,0161 934 6000
SPEECHLY BIRCHAM LLP,HO,6 New Street SquareEC4A 3LX,+44 (0)20 7427 6400
SPENSER UNDERHILL NEWMARK LLP,HO,6 Gray's Inn SquareWC1R 5AX,0207 269 9026
SPRECHER GRIER HALBERSTAM LLP,HO,One America SquareEC3N 2SG,0207 264  4444
SPRING LAW LIMITED,HO,65 Chandos PlaceWC2N 4HG,2073954870
SQUIRE SANDERS & DEMPSEY,HO,Tower 42  Level 25EC2N 1HQ,+44 20 7189 8000
ST ANN'S PENSION TRUSTEES LIMITED,HO,112 QuaysideNE99 1SB,0191 279 9000
ST ENTERTAINMENT LAW,HO,3 Glenhurst AvenueNW5 1PT,020 7504 5859
STEELE RAYMOND LLP,HO,Richmond PointBH2 6LR,01202 294566
STEELES (LAW) LLP,HO,3 Norwich Business ParkNR4 6DJ,01603 598000
STEELES (LAW) LLP,BRN,2 Mount StreetIP22 4QE,01379 652141
STEELES (LAW) LLP,BRN,21a John StreetWC1N 2BF,020 7421 1720
STEER & CO,HO,St. Brandons HouseBS1 5QT,07887 627 063
STEPHENS  SCOWN,HO,Curzon HouseEX1 1RS,01392 210700
STEPHENS  SCOWN,BRN,3 Cross LanePL25 4AX,01726 74433
STEPHENS  SCOWN,BRN,Osprey HouseTR1 1UT,01872 265100
STEPHENSON HARWOOD,HO,1 St. Paul's ChurchyardEC4M 8SH,020 7329 4422
STEPTOE & JOHNSON,HO,99 Gresham StreetEC2V 7NG,0207 367 8000
STEVENS & BOLTON LLP,HO,The BillingsGU1 4YD,01483 302264
STEVENSDRAKE,HO,117-119 High StreetRH10 1DD,01293 596900
STONE JOSEPH,HO,Basement FlatSW10 9AA,0207 854 9098
STONES SOLICITORS LLP,HO,Linacre HouseEX1 1UG,01392 666 777
STUART MALCOLM LLP,HO,The DairyOX1 5EP,01865 601 240
SUMNER & TABOR,HO,Lockhart HouseHP4 1AJ,01442 872 311
SURBITONLAW LIMITED,HO,16a Isabel HouseKT6 4JL,0208 3998900
SURBITONLAW LLP,HO,16A Isabel HouseKT6 4JL,020 8399 8900
SUSAN LAWSON LIMITED,HO,c/o ActonsNG1 5BQ,0115 9100 200
T & H SECRETARIAL SERVICES LIMITED,HO,Sceptre CourtEC3N 4DX,020 7423 8000
TANDA MIGLIORINI & ASSOCIATES LLP,HO,31 Southampton RowWC1B 5HJ,0203 170 7687
TARLO LYONS SECRETARIES LIMITED,HO,Watchmaker Court WestEC1M 4DB,0207 405 2000
TAVENERS,HO,21 Beach AvenueBH25 7EH,01429 629 400
TAYLOR VINTERS,HO,Merlin PlaceCB4 0DP,01223 423444
TAYLOR WALTON LLP,HO,28-44 Alma StreetLU1 2PL,01582 731161
TAYLOR WALTON LLP,BRN,T W HouseAL5 4SP,01582 765111
TAYLOR WALTON LLP,BRN,10 Bricket RoadAL1 3JA,01727 845245
TAYLOR WESSING LLP,HO,5 New Street SquareEC4A 3TW,020 7300 7000
TAYLOR WESSING LLP,BRN,24 Hills RoadCB2 1JP,01223 446400
TAYLORS,HO,Rawlings HouseBB1 7JN,0844 8000 263
TEACHER STERN LLP,HO,37-41 Bedford RowWC1R 4JH,0207 242 3191
TECHNOLOGY COMMERCIAL AND OUTSOURCING LAW LIMITED,HO,7 HomefieldBA2 0LU,07545 642724
TECHNOLOGY LAW ALLIANCE LIMITED,HO,2nd FloorB1 2ND,0870 730 5551
TECHNOLOGY LAW ALLIANCE LIMITED,BRN,1 Ropemaker StreetEC2Y 9HT,0870 730 5552
THATWISE LIMITED,HO,3 Dunstall GreenGU24 8HP,01276 485 948
THE BYRNE PRACTICE,HO,10 South ParadeDN10 6JH,01302 711 211
THE CONTRACTS TEAM LIMITED,HO,Touchstone TS2B37 7HG,08456 439 800
THE ENDEAVOUR PARTNERSHIP LLP,HO,WestminsterTS17 6QP,01642 610300
THE INFORMATION LAW PRACTICE,HO,Mistletoe HouseWR11 4UW,01386 793632
THE KHAN PARTNERSHIP LLP,HO,48-49 Russell SquareWC1B 4JP,020 7612 2530
THE LAW OFFICE OF RICHARD STEPHENS,HO,11-15 Betterton StreetWC2H 9BP,+44 0207 470 8767
THE LEGAL PARTNERS LIMITED,HO,Parkshot HouseTW9 2PR,0208 255 1914
THE WATERHOUSE TRUSTEE COMPANY,HO,35 Vine StreetEC3N 2AA,0207 861 4000
THOMAS EGGAR LLP,HO,The Corn ExchangePO19 1GE,01243 786111
THOMAS EGGAR LLP,BRN,Belmont HouseRH10 1JA,01293 742700
THOMAS EGGAR LLP,BRN,76 Shoe LaneEC4A 3JB,020 7842 0000
THOMAS EGGAR LLP,BRN,Arundel HouseBN11 1SL,01903 234411
THOMAS EGGAR LLP,BRN,Newbury HouseRG14 5XR,01635 571000
THOMAS EGGAR LLP,BRN,Brunel HouseSO15 2AQ,02380 831100
THOMAS EGGAR NOMINEES LIMITED,HO,The Corn ExchangePO19 1GE,01243 786111
THOMAS EGGAR NOMINEES LIMITED,BRN,Belmont HouseRH10 1JA,01293 742700
THOMAS EGGAR NOMINEES LIMITED,BRN,76 Shoe LaneEC4A 3JB,020 7842 0000
THOMAS EGGAR NOMINEES LIMITED,BRN,Arundel HouseBN11 1SL,01903 234411
THOMAS EGGAR SECRETARIES LIMITED,HO,The Corn ExchangePO19 1GE,01243 786111
THOMAS EGGAR SECRETARIES LIMITED,BRN,Belmont HouseRH10 1JA,01293 742700
THOMAS EGGAR SECRETARIES LIMITED,BRN,London International Press CenEC4A 3JB,020 7842 0000
THOMAS EGGAR SECRETARIES LIMITED,BRN,Arundel HouseBN11 1SL,01903 234411
THOMAS EGGAR SECRETARIES LIMITED,BRN,Newbury HouseRG14 5XR,01635 571000
THOMPSON ALLEN LLP,HO,6 Marlborough PlaceBN1 1UB,01273 608003
THOMSON SNELL & PASSMORE,HO,3 Lonsdale GardensTN1 1NX,01892 510000
THRING TOWNSEND LEE & PEMBERTONS,HO,6 Drakes MeadowSN3 3LL,01793 410800
THRING TOWNSEND LEE & PEMBERTONS,BRN,Midland Bridge RoadBA1 2HQ,01225 340000
THRING TOWNSEND LEE & PEMBERTONS,BRN,The ParagonBS1 6BX,1179309500
THRING TOWNSEND LEE & PEMBERTONS,BRN,Kinnaird HouseSW1Y 5AU,0207 766 5600
TIM SISSON LIMITED,HO,Pearl Assurance HouseNG1 6BX,0115 947 6651
TLT LLP,HO,1 Redcliff StreetBS1 6TP,0117 917 7777
TLT LLP,BRN,6th FloorSE1 9LH,020 7620 1311
TLT LLP,BRN,101 Victoria StreetBS1 6PU,
TOLHURST FISHER LLP,HO,Marlborough HouseCM1 1LN,01245 216100
TOLLER BEATTIE LLP,HO,Queen's HouseEX32 8TB,01271 341000
TOM LENON,HO,Flat 4  Brecon HouseDT9 3BY,07981 500 357
TOM PAYNE LAW LIMITED,HO,c/o ActonsNG1 5BQ,0115 9100 200
TOUCHSTONE LEGAL SERVICES,HO,199 Camp RoadAL1 5NB,07787 283749
TOWERHOUSE CONSULTING LLP,HO,10 Fitzroy SquareW1T 5HP,0870 800 5300
TP PRIVATE CLIENT,HO,Hollins ChambersM3 3BA,0161 833 1133
TPP LAW LIMITED,HO,53 Great Suffolk StreetSE1 0DB,44 (0)20 7620 0778
TPP LAW LIMITED,BRN,Regent HouseSK4 1BS,0161 480 1616
TRADING TERMS LIMITED,HO,5 Melrose AvenueSW19 8BU,0208 946 2355
TRAVERS SMITH LLP,HO,10 Snow HillEC1A 2AL,0207 295 3000
TRAVERS SMITH LLP,BRN,12 Smithfield StreetEC1A 9LA,0207 295 3000
TRETHOWANS LLP,HO,London Road Office ParkSP1 3HP,01722 412512
TRETHOWANS LLP,BRN,Director Generals HouseSO15 2EP,02380 321000
TRG LAW,HO,LyndhurstGU22 7UT,+44 (0) 1483 730 303
TROWERS & HAMLINS LLP,HO,Sceptre CourtEC3N 4DX,0207 423 8000
TROWERS & HAMLINS LLP,BRN,Heron HouseM2 5HD,0161 211 0000
TROWERS & HAMLINS LLP,BRN,Portland HouseEX4 6AB,01392 217466
TRUELEGAL SOLICITORS,HO,76 Fore StreetEX3 0HQ,01392 879 414
TRUSTEE SOLUTIONS LIMITED,HO,1 Park RowLS1 5AB,0113 244 5000
TUCKERS,HO,63-65 Mosley StreetM2 3HZ,0161 233 4321
TURNBULL RUTHERFORD LIMITED,HO,Highland HouseSW19 1NE,020 8545 6600
TURNER PARKINSON LLP,HO,Hollins ChambersM3 3BA,0161 833 1212
TWM SOLICITORS LLP,BRN,16-18 Quarry StreetGU1 3UF,01483 306325
TZANEV & CO LAWYERS,HO,49 Severn DriveKT10 0AJ,+44(0)208 2242779
UK LAWYERS,HO,1 Mount Pleasant RoadNW10 3EG,0208 451 7509
UMBERTO VIETRI LIMITED,HO,Bridge HouseBD21 2BH,01535 607666
VAN STRATEN SOLICITORS,HO,RB BuildingW10 4RH,0208 588 9660
VARLEY HIBBS LLP,HO,3 Coventry Innovation VillageCV1 2TL,0247 663 1000
VEALE WASBROUGH EXECUTOR AND TRUSTEE COMPANY,HO,Orchard CourtBS1 5WS,0117 925 2020
VEALE WASBROUGH VIZARDS,HO,Orchard CourtBS1 5WS,0117 925 2020
VEALE WASBROUGH VIZARDS,BRN,Barnards InnEC4A 1AD,0207 405 1234
VERISONA,BRN,Wellesley HousePO7 7AN,02392 265 251
VERISONA,BRN,Building 1000PO6 3EN,02392 380112
VERISONA LIMITED,HO,64-66 West StreetPO9 1PA,023 9249 2472
VERITAS  SOLICITORS LLP,HO,Blackburn Enterprise CentreBB1 3HQ,01254 504 999
VERTEX LAW LLP,HO,23 Kings Hill AvenueME19 4UA,01732 224 000
VIHPS LEGAL LIMITED,HO,7 Wyvern HouseGU16 7HJ,0845 450 8445
VINCENT SYKES & HIGHAM LLP,HO,Montague HouseNN14 4LN,01832 732161
VMS SOLICITORS LLP,HO,Monticello HouseWC1B 4JP,0207 907 4763
WAKE SMITH & TOFIELDS,HO,68 Clarkehouse RoadS10 2LJ,0114 266 6660
WAKE SMITH & TOFIELDS,BRN,55 Old Broad StreetEC2M 1RX,0207 997 6009
WAKE SMITH AND TOFIELDS,BRN,6 Campo LaneS1 2EF,0114 266 6660
WAKE SMITH AND TOFIELDS,BRN,14 Figtree LaneS1 2DJ,0114 266 6660
WALKER MORRIS,HO,Kings CourtLS1 2HL,0113 283 2500
WALKERS,HO,20 CastlegateYO1 9RN,01904 633220
WALLACE LLP,HO,1 Portland PlaceW1B 1PN,020 7636 4422
WARD HADAWAY,HO,Sandgate HouseNE1 3DX,0191 204 4000
WARD HADAWAY,BRN,1a Tower SquareLS1 4DL,0113 205 6600
WARNER GOODMAN LLP,HO,Portland ChambersPO16 0JR,01329 288121
WARNER GOODMAN LLP,BRN,8 College PlaceSO15 2FF,023 80639311
WARNER GOODMAN LLP,BRN,Colman HousePO1 2RG,023 92753575
WARNERS LAW LLP,HO,Bank HouseTN9 1BL,01732 770660
WARNERS LAW LLP,BRN,16 South ParkTN13 1AN,01732 747900
WATERFALL SOLICITORS LIMITED,HO,6 Somerley RoadBH9 1ES,0207 193 1886
WATERFRONT SOLICITORS LLP,HO,5 The Leather MarketSE1 3ER,0207 234 0200
WATSON BURTON LLP,HO,1 St. James' GateNE99 1YQ,0191 244 4444
WATSON BURTON LLP,BRN,1 City SquareLS1 2ES,0113 235 5455
WATSON BURTON LLP,BRN,Floor 29EC3A 8BF,020 7337 8300
WATSON FARLEY & WILLIAMS LLP,HO,15 Appold StreetEC2A 2HB,020 7814 8000
WEDLAKE BELL,HO,52 Bedford RowWC1R 4LR,020 7395 3000
WEDLAKE SAINT,HO,17 Micawber StreetN1 7TB,020 7566 4100
WEDLAKE SAINT,BRN,Crown HouseAL3 7LW,01582 790900
WEIGHTMANS LLP,BRN,First FloorB2 5EF,0121 632 6100
WEIGHTMANS LLP,BRN,Second FloorEC4A 3BF,0207 822 1900
WEIL GOTSHAL & MANGES,HO,1 South PlaceEC2M 2WG,020 7903 1000
WELBURN & CO,HO,Howard RoadSO15 5BB,02380 230500
WESTFIELD SOLICITORS,HO,South TowerBR1 1WA,0208 228 1260
WESTWOOD SOLICITORS,BRN,Carlton HouseM2 5PE,0161 832 6178
WG&M SECRETARIES LIMITED,HO,1 South PlaceEC2M 2WG,0207 903 1000
WHEELERS LLP,HO,30 Wharf RoadGU12 5AR,01252 316316
WHEELERS LLP,BRN,The HubGU14 7JP,01252 316316
WHELAN WORNER LIMITED,HO,48 Charles StreetW1J 5EN,0207 409 1872
WHITE & BLACK LEGAL LLP,HO,The Great BarnOX7 5QR,0800 035 2656
WHITE & CASE (INTERNATIONAL) LLP,HO,5 Old Broad StreetEC2N 1DW,020 7532 1000
WHITE & CASE LLP,HO,5 Old Broad StreetEC2N 1DW,020 7532 1000
WHITMAN BREED,HO,960 Capability GreenLU1 3PE,01582 635077
WHITMAN BREED,BRN,99 Upper Grosvenor RoadTN1 2EA,01892 513 903
WIGGIN LLP,HO,95 PromenadeGL50 1WG,01242 224114
WILDE LAW,HO,Charles HouseTR1 2PQ,07588 671 566
WILKIN CHAPMAN LLP,HO,New Oxford HouseDN31 1EY,01472 262626
WILKIN CHAPMAN LLP,BRN,17 CornmarketLN11 9QA,01507 606161
WILKIN CHAPMAN LLP,BRN,7 Bull RingLN9 5HX,01507 527521
WILKIN CHAPMAN LLP,BRN,2 Bank StreetLN2 1DR,01522 512345
WILKIN CHAPMAN LLP,BRN,The HallHU17 8HL,01482 398398
WILKIN CHAPMAN LLP,BRN,46 St. Peters AvenueDN35 8HR,01472 691285
WILKIN CHAPMAN LLP,BRN,1 Town Hall StreetDN31 1HE,01472 262626
WILLIAM STURGES & CO,HO,Burwood HouseSW1H 0QY,020 7873 1000
WILLIAMS HOLDEN COOKLIN GIBBONS LLP,HO,6th FloorEC3M 7AW,020 7743 7260
WILLIAMS SOLICITORS,HO,Oak CottageCO7 6TJ,01206 298877
WINCKWORTH & PEMBERTON  NOMINEES LIMITED,HO,Minerva HouseSE1 9BB,0207 593 5019
WINCKWORTH SHERWOOD LLP,HO,Minerva HouseSE1 9BB,0207 593 5000
WINCKWORTH SHERWOOD LLP,BRN,16 Beaumont StreetOX1 2LZ,0207 593 5000
WINCKWORTH SHERWOOD LLP,BRN,53a New StreetCM1 1NE,01245 262212
WINSTON SOLICITORS LLP,HO,112 Street LaneLS8 2AL,0113 3205000
WINTON & WINTON LIMITED,HO,Upper CrossRG20 8JY,01635 814418
WITHY KING,HO,5-6 Northumberland BuildingsBA1 2JE,01225 425731
WITHY KING,BRN,Bryer Ash Business ParkBA14 8AW,01225 777464
WITHY KING,BRN,James Street WestBA1 2BT,01225 425731
WITHY KING,BRN,4-6 Newport StreetSN1 3DX,01793 536526
WITHY KING,BRN,Ailesbury CourtSN8 1AA,01672 514871
WITHY KING (INCORPORATING MARSHALL & GALPIN),BRN,7 ButtermarketOX9 3EW,
WITHY KING (INCORPORATING MARSHALL AND GALPIN),BRN,33 West St. Helen StreetOX14 5DY,01235 555345
WITHY KING (INCORPORATING MARSHALL AND GALPIN),BRN,North Bailey HouseOX1 2EA,01865 792300
WOLFERSTANS,HO,60-66 North HillPL4 8EP,01752 663295
WOLLASTONS LLP,HO,Brierly PlaceCM2 0AP,01245 211211
WOOD-ATKINS COMMERCIAL LAW,HO,The Old Post OfficeHP22 9JU,01296 640166
WOODFINES LLP,HO,16 St. Cuthberts StreetMK40 3JG,01234 270600
WRAGGE & CO LLP,HO,55 Colmore RowB3 2AS,0121 233 1000
WRAGGE & CO LLP,BRN,3 Waterhouse SquareEC1N 2SW,0870 903 1000
WRIGHT HASSALL LLP,HO,Olympus HouseCV34 6BF,01926 886688
WTS LEGAL,HO,Flat 4NW6 1UG,0207 435 4588
YORSOLICITOR,HO,1a Main StreetYO19 6AH,01904 449933
YOUNG & LEE SOLICITORS LIMITED,HO,6 The WharfB1 2JS,0121 633 3233
YOUNG & PEARCE,HO,58 Talbot StreetNG1 5GL,0115 959 8888
YOUNG & PEARCE,BRN,111 Church RoadNG14 5DJ,0115 931 2995
